{
   "entries": {"resource": [{
      "resourceKindKey": "vSphere World",
      "internalId": "resource:id:0_::_",
      "adapterKindKey": "VMWARE",
      "identifiers": [],
      "name": "vSphere World"
   }]},
   "dashboards": [{
      "shared": false,
      "temporary": false,
      "hidden": false,
      "creationTime": 1746621401937,
      "autoswitchEnabled": false,
      "importAttempts": 0,
      "lastUpdateUserId": "98c5b2a0-1517-4104-9895-fd3faf5b77cc",
      "columnProportion": "1-1",
      "importComplete": true,
      "description": "",
      "columnCount": 1,
      "widgets": [
         {
            "collapsed": false,
            "id": "24d8270c-e6de-441a-9877-be337d3e79f7",
            "gridsterCoords": {
               "w": 6,
               "x": 1,
               "h": 13,
               "y": 1
            },
            "type": "AlertList",
            "title": "Active Alerts",
            "config": {
               "alertImpact": [],
               "alertAction": [],
               "refreshInterval": 300,
               "resource": [],
               "refreshContent": {"refreshContent": true},
               "relationshipMode": {"relationshipMode": [
                  -1,
                  0
               ]},
               "criticalityLevel": [],
               "title": "Active Alerts",
               "type": [],
               "mode": "all",
               "filterMode": "tagPicker",
               "tagFilter": null,
               "alertDefinitions": [],
               "depth": 1,
               "customFilter": {
                  "filter": [],
                  "excludedResources": null,
                  "includedResources": null
               },
               "selfProvider": {"selfProvider": true},
               "state": [],
               "status": [0]
            },
            "height": 723,
            "states": [
               {
                  "value": "b%3A1",
                  "key": "perm_toolbarVisible_widget_4f0ce6b2-d0fc-4bc0-a431-60e87487f589_24d8270c-e6de-441a-9877-be337d3e79f7"
               },
               {
                  "value": "s%3A%7B%22dateRange%22%3A%22last30Days%22%2C%22dateFrom%22%3Anull%2C%22dateTo%22%3Anull%2C%22timeFrom%22%3Anull%2C%22timeTo%22%3Anull%7D",
                  "key": "permDateFilter_widget_4f0ce6b2-d0fc-4bc0-a431-60e87487f589_24d8270c-e6de-441a-9877-be337d3e79f7"
               },
               {
                  "value": "o%3Acolumns%3Da%253Ao%25253Aid%25253Ds%2525253Ah16%255Eo%25253Aid%25253Ds%2525253Ah1%25255Ehidden%25253Db%2525253A1%25255Ewidth%25253Dn%2525253A100%255Eo%25253Aid%25253Ds%2525253Ah2%255Eo%25253Aid%25253Ds%2525253Ah3%255Eo%25253Aid%25253Ds%2525253Ah4%255Eo%25253Aid%25253Ds%2525253Ah5%255Eo%25253Aid%25253Ds%2525253Ah6%255Eo%25253Aid%25253Ds%2525253Ah7%25255Ehidden%25253Db%2525253A1%255Eo%25253Aid%25253Ds%2525253Ah8%25255Ehidden%25253Db%2525253A1%255Eo%25253Aid%25253Ds%2525253Ah9%25255Ehidden%25253Db%2525253A1%255Eo%25253Aid%25253Ds%2525253Ah10%25255Ehidden%25253Db%2525253A1%255Eo%25253Aid%25253Ds%2525253Ah11%25255Ehidden%25253Db%2525253A1%255Eo%25253Aid%25253Ds%2525253Ah12%25255Ehidden%25253Db%2525253A1%255Eo%25253Aid%25253Ds%2525253Ah13%25255Ehidden%25253Db%2525253A1%255Eo%25253Aid%25253Ds%2525253Ah14%25255Ehidden%25253Db%2525253A1%255Eo%25253Aid%25253Ds%2525253Ah15%25255Ehidden%25253Db%2525253A0%5EstoreState%3Do%253Asorters%253Da%25253Ao%2525253Aroot%2525253Ds%252525253Adata%2525255Eproperty%2525253Ds%252525253AalertLevel%2525255Edirection%2525253Ds%252525253ADESC%2525255Eid%2525253Ds%252525253AalertLevel",
                  "key": "permAlertGrid_perm_widget_4f0ce6b2-d0fc-4bc0-a431-60e87487f589_24d8270c-e6de-441a-9877-be337d3e79f7"
               },
               {
                  "value": "s%3ADEFINITION",
                  "key": "permViewMode_widget_4f0ce6b2-d0fc-4bc0-a431-60e87487f589_24d8270c-e6de-441a-9877-be337d3e79f7"
               }
            ]
         },
         {
            "collapsed": false,
            "id": "e225b7ef-48bc-4bc2-a155-4cf213722716",
            "gridsterCoords": {
               "w": 6,
               "x": 7,
               "h": 8,
               "y": 6
            },
            "type": "ResourceRelationshipAdvanced",
            "title": "Object Relationship (for selected Alert)",
            "config": {
               "filterMode": "tagPicker",
               "tagFilter": null,
               "resourceId": null,
               "depth": "1,1",
               "refreshInterval": 300,
               "traversalSpecId": "vSphere Hosts and Clusters-VMWARE-vSphere World",
               "refreshContent": {"refreshContent": true},
               "customFilter": {
                  "filter": [],
                  "excludedResources": null,
                  "includedResources": null
               },
               "resourceName": null,
               "selectFirstRow": {"selectFirstRow": true},
               "selfProvider": {"selfProvider": false},
               "title": "Object Relationship (for selected Alert)"
            },
            "height": 438
         },
         {
            "collapsed": false,
            "id": "9f96b9f9-2c52-4999-adc3-fbc672d27f8c",
            "gridsterCoords": {
               "w": 2,
               "x": 1,
               "h": 7,
               "y": 14
            },
            "type": "MetricPicker",
            "title": "Metric Picker (for Alert Object above)",
            "config": {
               "refreshInterval": 300,
               "refreshContent": {"refreshContent": true},
               "title": "Metric Picker (for Alert Object above)"
            },
            "height": 380,
            "states": [
               {
                  "value": "b%3A0",
                  "key": "permFetchPropertyMetrics_permMetricPicker_widget_4f0ce6b2-d0fc-4bc0-a431-60e87487f589_9f96b9f9-2c52-4999-adc3-fbc672d27f8c"
               },
               {
                  "value": "b%3A0",
                  "key": "permFetchCommonMetrics_permMetricPicker_widget_4f0ce6b2-d0fc-4bc0-a431-60e87487f589_9f96b9f9-2c52-4999-adc3-fbc672d27f8c"
               },
               {
                  "value": "o%3Acolumns%3Da%253Ao%25253Aid%25253Ds%2525253Ah1",
                  "key": "permMetricPicker_widget_4f0ce6b2-d0fc-4bc0-a431-60e87487f589_9f96b9f9-2c52-4999-adc3-fbc672d27f8c"
               },
               {
                  "value": "b%3A0",
                  "key": "permFetchCollectingMetrics_permMetricPicker_widget_4f0ce6b2-d0fc-4bc0-a431-60e87487f589_9f96b9f9-2c52-4999-adc3-fbc672d27f8c"
               }
            ]
         },
         {
            "collapsed": false,
            "id": "d78b0b90-1170-4494-9955-6da852cc90ac",
            "gridsterCoords": {
               "w": 4,
               "x": 3,
               "h": 7,
               "y": 14
            },
            "type": "MetricChart",
            "title": "Metric Chart (for selected Metric)",
            "config": {
               "depth": 1,
               "refreshInterval": 300,
               "metric": {
                  "mode": "resourceKind",
                  "resourceMetrics": [],
                  "resourceKindMetrics": [],
                  "subMode": "resourceKindAll"
               },
               "resource": [],
               "refreshContent": {"refreshContent": true},
               "relationshipMode": {"relationshipMode": 0},
               "customFilter": {
                  "filter": [],
                  "excludedResources": null,
                  "includedResources": null
               },
               "selfProvider": {"selfProvider": false},
               "title": "Metric Chart (for selected Metric)",
               "resInteractionMode": null
            },
            "height": 380,
            "states": [
               {
                  "value": "s%3A%7B%22dateRange%22%3A%22dashboardTime%22%2C%22dateFrom%22%3Anull%2C%22dateTo%22%3Anull%2C%22timeFrom%22%3Anull%2C%22timeTo%22%3Anull%7D",
                  "key": "permDateRange1_permMetricChart_widget_4f0ce6b2-d0fc-4bc0-a431-60e87487f589_d78b0b90-1170-4494-9955-6da852cc90ac"
               },
               {
                  "value": "o%3A",
                  "key": "permMetricChart_widget_4f0ce6b2-d0fc-4bc0-a431-60e87487f589_d78b0b90-1170-4494-9955-6da852cc90ac"
               }
            ]
         },
         {
            "collapsed": false,
            "id": "444d235d-fd95-4e57-9241-f4dd3143742d",
            "gridsterCoords": {
               "w": 6,
               "x": 7,
               "h": 5,
               "y": 1
            },
            "type": "IntSummaryAlertVolume",
            "title": "Alert Volume",
            "config": {
               "refreshInterval": 300,
               "resource": {
                  "resourceId": "resource:id:0_::_",
                  "resourceName": "vSphere World"
               },
               "refreshContent": {"refreshContent": true},
               "selfProvider": {"selfProvider": true},
               "title": "Alert Volume"
            },
            "height": 267
         },
         {
            "collapsed": false,
            "id": "42733384-c6b6-4193-bc92-c752c1b5fd74",
            "gridsterCoords": {
               "w": 2,
               "x": 7,
               "h": 7,
               "y": 14
            },
            "type": "MetricPicker",
            "title": "Metric Picker (for Object selected in Relationship Above)",
            "config": {
               "refreshInterval": 300,
               "refreshContent": {"refreshContent": true},
               "title": "Metric Picker (for Object selected in Relationship Above)"
            },
            "height": 381,
            "states": [
               {
                  "value": "b%3A0",
                  "key": "permFetchCollectingMetrics_permMetricPicker_widget_4f0ce6b2-d0fc-4bc0-a431-60e87487f589_42733384-c6b6-4193-bc92-c752c1b5fd74"
               },
               {
                  "value": "b%3A0",
                  "key": "permFetchPropertyMetrics_permMetricPicker_widget_4f0ce6b2-d0fc-4bc0-a431-60e87487f589_42733384-c6b6-4193-bc92-c752c1b5fd74"
               },
               {
                  "value": "b%3A0",
                  "key": "permFetchCommonMetrics_permMetricPicker_widget_4f0ce6b2-d0fc-4bc0-a431-60e87487f589_42733384-c6b6-4193-bc92-c752c1b5fd74"
               },
               {
                  "value": "o%3Acolumns%3Da%253Ao%25253Aid%25253Ds%2525253Ah1",
                  "key": "permMetricPicker_widget_4f0ce6b2-d0fc-4bc0-a431-60e87487f589_42733384-c6b6-4193-bc92-c752c1b5fd74"
               }
            ]
         },
         {
            "collapsed": false,
            "id": "4af793d3-5aaf-4a30-851f-a552b1ebbed9",
            "gridsterCoords": {
               "w": 4,
               "x": 9,
               "h": 7,
               "y": 14
            },
            "type": "MetricChart",
            "title": "Metric Chart",
            "config": {},
            "height": 380,
            "states": [
               {
                  "value": "b%3A0",
                  "key": "permBtn_pan_permMetricChart_widget_4f0ce6b2-d0fc-4bc0-a431-60e87487f589_4af793d3-5aaf-4a30-851f-a552b1ebbed9"
               },
               {
                  "value": "s%3A%7B%22dateRange%22%3A%22dashboardTime%22%2C%22dateFrom%22%3Anull%2C%22dateTo%22%3Anull%2C%22timeFrom%22%3Anull%2C%22timeTo%22%3Anull%7D",
                  "key": "permDateRange1_permMetricChart_widget_4f0ce6b2-d0fc-4bc0-a431-60e87487f589_4af793d3-5aaf-4a30-851f-a552b1ebbed9"
               },
               {
                  "value": "o%3A",
                  "key": "permMetricChart_widget_4f0ce6b2-d0fc-4bc0-a431-60e87487f589_4af793d3-5aaf-4a30-851f-a552b1ebbed9"
               },
               {
                  "value": "b%3A0",
                  "key": "permBtn_zoomAllGraphs_permMetricChart_widget_4f0ce6b2-d0fc-4bc0-a431-60e87487f589_4af793d3-5aaf-4a30-851f-a552b1ebbed9"
               }
            ]
         }
      ],
      "userId": "98c5b2a0-1517-4104-9895-fd3faf5b77cc",
      "states": [{
         "value": "o%3AdateRange%3Ds%253Alast7Days%5EdateRangeText%3Ds%253A7D",
         "key": "permDashboardTime_dashboard_4f0ce6b2-d0fc-4bc0-a431-60e87487f589"
      }],
      "homeTab": false,
      "name": "Alert and Troubleshoot",
      "gridsterMaxColumns": 12,
      "rank": 0,
      "disabled": false,
      "id": "4f0ce6b2-d0fc-4bc0-a431-60e87487f589",
      "locked": false,
      "dashboardNavigations": {},
      "widgetInteractions": [
         {
            "widgetIdProvider": "24d8270c-e6de-441a-9877-be337d3e79f7",
            "type": "resourceId",
            "widgetIdReceiver": "e225b7ef-48bc-4bc2-a155-4cf213722716"
         },
         {
            "widgetIdProvider": "24d8270c-e6de-441a-9877-be337d3e79f7",
            "type": "resourceId",
            "widgetIdReceiver": "9f96b9f9-2c52-4999-adc3-fbc672d27f8c"
         },
         {
            "widgetIdProvider": "9f96b9f9-2c52-4999-adc3-fbc672d27f8c",
            "type": "metricId",
            "widgetIdReceiver": "d78b0b90-1170-4494-9955-6da852cc90ac"
         },
         {
            "widgetIdProvider": "e225b7ef-48bc-4bc2-a155-4cf213722716",
            "type": "resourceId",
            "widgetIdReceiver": "42733384-c6b6-4193-bc92-c752c1b5fd74"
         },
         {
            "widgetIdProvider": "42733384-c6b6-4193-bc92-c752c1b5fd74",
            "type": "metricId",
            "widgetIdReceiver": "4af793d3-5aaf-4a30-851f-a552b1ebbed9"
         }
      ],
      "lastUpdateTime": 1746626017214
   }],
   "uuid": "8961b9f2-ae80-499a-b397-4c20650ce23d"
}