{
   "customGroups": [{
      "resourceKind": "Environment",
      "membershipDefinition": {"ruleGroups": [{
         "resourceKind": "CERTIFICATE",
         "adapterKind": "VMWARE_INFRA_HEALTH",
         "rules": []
      }]},
      "adapterKind": "Container",
      "autoResolveMembership": true,
      "name": "VIH Certificates",
      "description": "VIH Certificates",
      "started": true,
      "policy": "a596a124-002a-4df0-be96-207b5c0fb6e1"
   }],
   "customGroupTypes": [{
      "resourceKind": "Environment",
      "localization": [
         {
            "resourceKindName": "Umgebung",
            "locale": "de"
         },
         {
            "resourceKindName": "環境",
            "locale": "zh_TW"
         },
         {
            "resourceKindName": "환경",
            "locale": "ko"
         },
         {
            "resourceKindName": "環境",
            "locale": "ja"
         },
         {
            "resourceKindName": "Environment",
            "locale": "en"
         },
         {
            "resourceKindName": "环境",
            "locale": "zh_CN"
         },
         {
            "resourceKindName": "Environnement",
            "locale": "fr"
         },
         {
            "resourceKindName": "Entorno",
            "locale": "es"
         }
      ]
   }]
}