{
   "dashboards": [{
      "autoswitchEnabled": false,
      "columnCount": 3,
      "columnProportion": "0.332-0.348-0.32",
      "creationTime": 1511886243009,
      "disabled": false,
      "id": "9e2edc46-b06f-4bdb-a4de-e8512c12afb9",
      "importAttempts": 0,
      "importComplete": true,
      "isDefault": false,
      "locked": false,
      "name": "Microsoft SQL Server/Microsoft SQL Server VM Relationship",
      "namePath": "Microsoft SQL Server",
      "rank": 37,
      "shared": true,
      "temporary": false,
      "userId": "4522eaf8-1cc2-4fce-94b1-e7011abf81ea",
      "widgetInteractions": [
         {
            "type": "resourceId",
            "widgetIdProvider": "1f2273bf-f327-484a-b860-c4792b57cf13",
            "widgetIdReceiver": "23605aa7-8ba2-4798-81c4-a05bff016986"
         },
         {
            "type": "resourceId",
            "widgetIdProvider": "1f2273bf-f327-484a-b860-c4792b57cf13",
            "widgetIdReceiver": "27108be5-6ed0-4e4d-af74-bcaf7f84f3ba"
         },
         {
            "type": "resourceId",
            "widgetIdProvider": "8c68f17a-895c-485a-a4ba-d9366c630621",
            "widgetIdReceiver": "c70742fd-f7dc-4fa4-8d23-b2cb0b68ca97"
         },
         {
            "type": "resourceId",
            "widgetIdProvider": "8c68f17a-895c-485a-a4ba-d9366c630621",
            "widgetIdReceiver": "1f2273bf-f327-484a-b860-c4792b57cf13"
         },
         {
            "type": "resourceId",
            "widgetIdProvider": "8c68f17a-895c-485a-a4ba-d9366c630621",
            "widgetIdReceiver": "90ef5c11-a905-44df-a424-39896f1769a5"
         },
         {
            "type": "resourceId",
            "widgetIdProvider": "1f2273bf-f327-484a-b860-c4792b57cf13",
            "widgetIdReceiver": "2decc28d-0d35-4935-87d4-6af23083ba0c"
         },
         {
            "type": "resourceId",
            "widgetIdProvider": "8c68f17a-895c-485a-a4ba-d9366c630621",
            "widgetIdReceiver": "89a224bc-3a24-4069-a166-3f4877b26137"
         },
         {
            "type": "resourceId",
            "widgetIdProvider": "1f2273bf-f327-484a-b860-c4792b57cf13",
            "widgetIdReceiver": "f5d07774-5aa6-45db-a8af-994876a544f3"
         },
         {
            "type": "resourceId",
            "widgetIdProvider": "8c68f17a-895c-485a-a4ba-d9366c630621",
            "widgetIdReceiver": "a217e0f7-987d-4288-849e-8aa50a26399f"
         },
         {
            "type": "resourceId",
            "widgetIdProvider": "1f2273bf-f327-484a-b860-c4792b57cf13",
            "widgetIdReceiver": "ea0cd7eb-46cc-4231-ae8f-f19a6050bb0d"
         }
      ],
      "widgets": [
         {
            "collapsed": false,
            "config": {
               "autoZoom": {"autoSize": false},
               "nodeSize": null,
               "refreshContent": {"refreshContent": true},
               "refreshInterval": 300,
               "resourceName": "",
               "selfProvider": {"selfProvider": false},
               "tagFilter": null,
               "title": "Object Relationship"
            },
            "gridsterCoords": {
               "h": 7,
               "w": 2,
               "x": 1,
               "y": 9
            },
            "height": 242,
            "id": "23605aa7-8ba2-4798-81c4-a05bff016986",
            "states": [{
               "key": "permResourceRelationship_widget_9e2edc46-b06f-4bdb-a4de-e8512c12afb9_23605aa7-8ba2-4798-81c4-a05bff016986",
               "value": "o%3A"
            }],
            "title": "Object Relationship",
            "type": "ResourceRelationship",
            "x": 1,
            "y": 3
         },
         {
            "collapsed": false,
            "config": {
               "metricName": "",
               "metricType": {"metricType": "health"},
               "mode": {"mode": "self"},
               "paginationNumber": 15,
               "periodLength": "last6Hour",
               "refreshContent": {"refreshContent": true},
               "refreshInterval": 120,
               "selfProvider": {"selfProvider": false},
               "sortBy": "metricValue",
               "sortByDir": {"orderByDir": "asc"},
               "tagFilter": null,
               "title": "Virtual Machine Health"
            },
            "gridsterCoords": {
               "h": 3,
               "w": 2,
               "x": 5,
               "y": 9
            },
            "height": 98,
            "id": "27108be5-6ed0-4e4d-af74-bcaf7f84f3ba",
            "title": "Virtual Machine Health",
            "type": "HealthChart",
            "x": 3,
            "y": 2
         },
         {
            "collapsed": false,
            "config": {
               "metricName": "",
               "metricType": {"metricType": "health"},
               "mode": {"mode": "self"},
               "paginationNumber": 15,
               "periodLength": "last6Hour",
               "refreshContent": {"refreshContent": true},
               "refreshInterval": 120,
               "selfProvider": {"selfProvider": false},
               "sortBy": "metricValue",
               "sortByDir": {"orderByDir": "asc"},
               "tagFilter": null,
               "title": "SQL Server Health"
            },
            "gridsterCoords": {
               "h": 3,
               "w": 2,
               "x": 3,
               "y": 9
            },
            "height": 98,
            "id": "c70742fd-f7dc-4fa4-8d23-b2cb0b68ca97",
            "title": "SQL Server Health",
            "type": "HealthChart",
            "x": 2,
            "y": 2
         },
         {
            "collapsed": false,
            "config": {
               "additionalColumns": [{
                  "boxLabel": "Workload (%)",
                  "metricKey": "badge|workload",
                  "metricName": "Badge|Workload",
                  "resourceKindId": "002006VMWAREVirtualMachine"
               }],
               "mode": {"mode": 1},
               "refreshContent": {"refreshContent": true},
               "refreshInterval": 300,
               "selectFirstRow": {"selectFirstRow": true},
               "tagFilter": {
                  "path": ["/source/kind/kind:resourceKind:id:0_::_"],
                  "value": {
                     "adapterInstance": [],
                     "adapterKind": [],
                     "bus": [],
                     "collector": [],
                     "day": [],
                     "exclaim": false,
                     "healthRange": [],
                     "kind": ["resourceKind:id:0_::_"],
                     "maintenanceSchedule": [],
                     "state": [],
                     "status": [],
                     "tag": [],
                     "tier": []
                  }
               },
               "title": "Virtual Hosts"
            },
            "gridsterCoords": {
               "h": 4,
               "w": 2,
               "x": 1,
               "y": 16
            },
            "height": 134,
            "id": "1f2273bf-f327-484a-b860-c4792b57cf13",
            "states": [{
               "key": "permResGrid_widget_9e2edc46-b06f-4bdb-a4de-e8512c12afb9_1f2273bf-f327-484a-b860-c4792b57cf13",
               "value": "o%3Acolumns%3Da%253Ao%25253Aid%25253Ds%2525253Ah1%25255Ehidden%25253Db%2525253A1%25255Ewidth%25253Dn%2525253A100%255Eo%25253Aid%25253Ds%2525253Ah15%25255Ehidden%25253Db%2525253A0%25255Ewidth%25253Dn%2525253A100%255Eo%25253Aid%25253Ds%2525253Ah2%25255Ehidden%25253Db%2525253A0%25255Ewidth%25253Dn%2525253A137%255Eo%25253Aid%25253Ds%2525253Ah3%25255Ehidden%25253Db%2525253A1%25255Ewidth%25253Dn%2525253A100%255Eo%25253Aid%25253Ds%2525253Ah4%25255Ehidden%25253Db%2525253A1%25255Ewidth%25253Dn%2525253A100%255Eo%25253Aid%25253Ds%2525253Ah5%25255Ehidden%25253Db%2525253A1%25255Ewidth%25253Dn%2525253A100%255Eo%25253Aid%25253Ds%2525253Ah6%25255Ehidden%25253Db%2525253A1%25255Ewidth%25253Dn%2525253A100%255Eo%25253Aid%25253Ds%2525253Ah7%25255Ehidden%25253Db%2525253A1%25255Ewidth%25253Dn%2525253A100%255Eo%25253Aid%25253Ds%2525253Ah8%25255Ehidden%25253Db%2525253A1%25255Ewidth%25253Dn%2525253A100%255Eo%25253Aid%25253Ds%2525253Ah9%25255Ehidden%25253Db%2525253A1%25255Ewidth%25253Dn%2525253A100%255Eo%25253Aid%25253Ds%2525253Ah10%25255Ehidden%25253Db%2525253A1%25255Ewidth%25253Dn%2525253A100%255Eo%25253Aid%25253Ds%2525253Ah11%25255Ehidden%25253Db%2525253A1%25255Ewidth%25253Dn%2525253A100%255Eo%25253Aid%25253Ds%2525253Ah12%25255Ehidden%25253Db%2525253A1%25255Ewidth%25253Dn%2525253A100%255Eo%25253Aid%25253Ds%2525253Ah13%25255Ehidden%25253Db%2525253A1%25255Ewidth%25253Dn%2525253A100%255Eo%25253Aid%25253Ds%2525253Ah14%25255Ehidden%25253Db%2525253A1%25255Ewidth%25253Dn%2525253A71%255Eo%25253Aid%25253Ds%2525253Ah16%25255Ehidden%25253Db%2525253A1%25255Ewidth%25253Dn%2525253A100%255Eo%25253Aid%25253Ds%2525253Ah17%25255Ehidden%25253Db%2525253A0%25255Ewidth%25253Dn%2525253A71%255Eo%25253Aid%25253Ds%2525253Ah18%25255Ehidden%25253Db%2525253A1%25255Ewidth%25253Dn%2525253A128%255Eo%25253Aid%25253Ds%2525253Ah19%25255Ehidden%25253Db%2525253A1%25255Ewidth%25253Dn%2525253A124%255Eo%25253Aid%25253Ds%2525253Ah20%25255Ehidden%25253Db%2525253A1%25255Ewidth%25253Dn%2525253A100%255Eo%25253Aid%25253Ds%2525253Ah21%25255Ehidden%25253Db%2525253A1%25255Ewidth%25253Dn%2525253A100%255Eo%25253Aid%25253Ds%2525253Ah22%25255Ehidden%25253Db%2525253A1%25255Ewidth%25253Dn%2525253A100%255Eo%25253Aid%25253Ds%2525253Ah23%25255Ehidden%25253Db%2525253A1%25255Ewidth%25253Dn%2525253A100%255Eo%25253Aid%25253Ds%2525253Ah24%25255Ehidden%25253Db%2525253A1%25255Ewidth%25253Dn%2525253A100%255Eo%25253Aid%25253Ds%2525253Ah25%25255Ehidden%25253Db%2525253A1%25255Ewidth%25253Dn%2525253A100%255Eo%25253Aid%25253Ds%2525253Ah26%25255Ehidden%25253Db%2525253A1%25255Ewidth%25253Dn%2525253A100%255Eo%25253Aid%25253Ds%2525253Ah27%25255Ehidden%25253Db%2525253A1%25255Ewidth%25253Dn%2525253A100%255Eo%25253Aid%25253Ds%2525253Ah28%25255Ehidden%25253Db%2525253A1%25255Ewidth%25253Dn%2525253A100%255Eo%25253Aid%25253Ds%2525253Ah29%25255Ehidden%25253Db%2525253A1%25255Ewidth%25253Dn%2525253A100%255Eo%25253Aid%25253Ds%2525253Ah30%25255Ehidden%25253Db%2525253A1%25255Ewidth%25253Dn%2525253A100%255Eo%25253Aid%25253Ds%2525253Ah31%25255Ehidden%25253Db%2525253A1%25255Ewidth%25253Dn%2525253A100%255Eo%25253Aid%25253Ds%2525253Ah32%25255Ehidden%25253Db%2525253A1%25255Ewidth%25253Dn%2525253A100%255Eo%25253Aid%25253Ds%2525253Ah33%25255Ehidden%25253Db%2525253A1%25255Ewidth%25253Dn%2525253A100%255Eo%25253Aid%25253Ds%2525253Ah34%25255Ehidden%25253Db%2525253A1%25255Ewidth%25253Dn%2525253A100%255Eo%25253Aid%25253Ds%2525253Ah35%25255Ehidden%25253Db%2525253A1%25255Ewidth%25253Dn%2525253A100%255Eo%25253Aid%25253Ds%2525253Ah36%25255Ehidden%25253Db%2525253A1%25255Ewidth%25253Dn%2525253A100%255Eo%25253Aid%25253Ds%2525253Ah37%25255Ehidden%25253Db%2525253A1%25255Ewidth%25253Dn%2525253A100%255Eo%25253Aid%25253Ds%2525253Ah38%25255Ehidden%25253Db%2525253A1%25255Ewidth%25253Dn%2525253A100%255Eo%25253Aid%25253Ds%2525253Ah39%25255Ehidden%25253Db%2525253A1%25255Ewidth%25253Dn%2525253A100%255Eo%25253Aid%25253Ds%2525253Ah40%25255Ehidden%25253Db%2525253A1%25255Ewidth%25253Dn%2525253A100%255Eo%25253Aid%25253Ds%2525253Ah41%25255Ehidden%25253Db%2525253A1%25255Ewidth%25253Dn%2525253A100%255Eo%25253Aid%25253Ds%2525253Ah42%25255Ehidden%25253Db%2525253A1%25255Ewidth%25253Dn%2525253A100%255Eo%25253Aid%25253Ds%2525253Ah43%25255Ehidden%25253Db%2525253A1%25255Ewidth%25253Dn%2525253A100%255Eo%25253Aid%25253Ds%2525253Ah44%25255Ehidden%25253Db%2525253A1%25255Ewidth%25253Dn%2525253A100%255Eo%25253Aid%25253Ds%2525253Ah45%25255Ehidden%25253Db%2525253A1%25255Ewidth%25253Dn%2525253A100%255Eo%25253Aid%25253Ds%2525253Ah46%25255Ehidden%25253Db%2525253A1%25255Ewidth%25253Dn%2525253A100"
            }],
            "title": "Virtual Hosts",
            "type": "ResourceList",
            "x": 1,
            "y": 2
         },
         {
            "collapsed": false,
            "config": {
               "additionalColumns": [
                  {
                     "boxLabel": "Workload (%)",
                     "metricKey": "badge|workload",
                     "metricName": "Badge|Workload",
                     "resourceKindId": "002016SqlServerAdapterSqlServer"
                  },
                  {
                     "boxLabel": "Buffer Cache Hit Ratio",
                     "metricKey": "buffer|buffer_cache_hit_ratio",
                     "metricName": "Buffer|Buffer Cache Hit Ratio",
                     "resourceKindId": "002016SqlServerAdapterSqlServer"
                  }
               ],
               "mode": {"mode": 0},
               "refreshContent": {"refreshContent": true},
               "refreshInterval": 300,
               "selectFirstRow": {"selectFirstRow": true},
               "tagFilter": {
                  "path": ["/source/kind/kind:resourceKind:id:1_::_"],
                  "value": {
                     "adapterInstance": [],
                     "adapterKind": [],
                     "bus": [],
                     "collector": [],
                     "day": [],
                     "exclaim": false,
                     "healthRange": [],
                     "kind": ["resourceKind:id:1_::_"],
                     "maintenanceSchedule": [],
                     "state": [],
                     "status": [],
                     "tag": [],
                     "tier": []
                  }
               },
               "title": "SQL Server Instances"
            },
            "gridsterCoords": {
               "h": 8,
               "w": 2,
               "x": 1,
               "y": 1
            },
            "height": 278,
            "id": "8c68f17a-895c-485a-a4ba-d9366c630621",
            "states": [{
               "key": "permResGrid_widget_9e2edc46-b06f-4bdb-a4de-e8512c12afb9_8c68f17a-895c-485a-a4ba-d9366c630621",
               "value": "o%3Acolumns%3Da%253Ao%25253Aid%25253Ds%2525253Ah1%25255Ehidden%25253Db%2525253A1%25255Ewidth%25253Dn%2525253A100%255Eo%25253Aid%25253Ds%2525253Ah15%25255Ehidden%25253Db%2525253A0%25255Ewidth%25253Dn%2525253A80%255Eo%25253Aid%25253Ds%2525253Ah2%25255Ehidden%25253Db%2525253A0%25255Ewidth%25253Dn%2525253A234%255Eo%25253Aid%25253Ds%2525253Ah3%25255Ehidden%25253Db%2525253A1%25255Ewidth%25253Dn%2525253A100%255Eo%25253Aid%25253Ds%2525253Ah4%25255Ehidden%25253Db%2525253A1%25255Ewidth%25253Dn%2525253A100%255Eo%25253Aid%25253Ds%2525253Ah5%25255Ehidden%25253Db%2525253A1%25255Ewidth%25253Dn%2525253A100%255Eo%25253Aid%25253Ds%2525253Ah6%25255Ehidden%25253Db%2525253A1%25255Ewidth%25253Dn%2525253A100%255Eo%25253Aid%25253Ds%2525253Ah7%25255Ehidden%25253Db%2525253A1%25255Ewidth%25253Dn%2525253A100%255Eo%25253Aid%25253Ds%2525253Ah8%25255Ehidden%25253Db%2525253A1%25255Ewidth%25253Dn%2525253A100%255Eo%25253Aid%25253Ds%2525253Ah9%25255Ehidden%25253Db%2525253A1%25255Ewidth%25253Dn%2525253A100%255Eo%25253Aid%25253Ds%2525253Ah10%25255Ehidden%25253Db%2525253A1%25255Ewidth%25253Dn%2525253A100%255Eo%25253Aid%25253Ds%2525253Ah11%25255Ehidden%25253Db%2525253A1%25255Ewidth%25253Dn%2525253A100%255Eo%25253Aid%25253Ds%2525253Ah12%25255Ehidden%25253Db%2525253A1%25255Ewidth%25253Dn%2525253A100%255Eo%25253Aid%25253Ds%2525253Ah13%25255Ehidden%25253Db%2525253A1%25255Ewidth%25253Dn%2525253A100%255Eo%25253Aid%25253Ds%2525253Ah14%25255Ehidden%25253Db%2525253A1%25255Ewidth%25253Dn%2525253A69%255Eo%25253Aid%25253Ds%2525253Ah16%25255Ehidden%25253Db%2525253A1%25255Ewidth%25253Dn%2525253A87%255Eo%25253Aid%25253Ds%2525253Ah17%25255Ehidden%25253Db%2525253A0%25255Ewidth%25253Dn%2525253A88%255Eo%25253Aid%25253Ds%2525253Ah18%25255Ehidden%25253Db%2525253A0%25255Ewidth%25253Dn%2525253A140%255Eo%25253Aid%25253Ds%2525253Ah19%25255Ehidden%25253Db%2525253A1%25255Ewidth%25253Dn%2525253A100%255Eo%25253Aid%25253Ds%2525253Ah20%25255Ehidden%25253Db%2525253A1%25255Ewidth%25253Dn%2525253A100%255Eo%25253Aid%25253Ds%2525253Ah21%25255Ehidden%25253Db%2525253A1%25255Ewidth%25253Dn%2525253A100%255Eo%25253Aid%25253Ds%2525253Ah22%25255Ehidden%25253Db%2525253A1%25255Ewidth%25253Dn%2525253A100%255Eo%25253Aid%25253Ds%2525253Ah23%25255Ehidden%25253Db%2525253A1%25255Ewidth%25253Dn%2525253A100%255Eo%25253Aid%25253Ds%2525253Ah24%25255Ehidden%25253Db%2525253A1%25255Ewidth%25253Dn%2525253A100%255Eo%25253Aid%25253Ds%2525253Ah25%25255Ehidden%25253Db%2525253A1%25255Ewidth%25253Dn%2525253A100%255Eo%25253Aid%25253Ds%2525253Ah26%25255Ehidden%25253Db%2525253A1%25255Ewidth%25253Dn%2525253A100%255Eo%25253Aid%25253Ds%2525253Ah27%25255Ehidden%25253Db%2525253A1%25255Ewidth%25253Dn%2525253A100%255Eo%25253Aid%25253Ds%2525253Ah28%25255Ehidden%25253Db%2525253A1%25255Ewidth%25253Dn%2525253A100%255Eo%25253Aid%25253Ds%2525253Ah29%25255Ehidden%25253Db%2525253A1%25255Ewidth%25253Dn%2525253A100%255Eo%25253Aid%25253Ds%2525253Ah30%25255Ehidden%25253Db%2525253A1%25255Ewidth%25253Dn%2525253A100%255Eo%25253Aid%25253Ds%2525253Ah31%25255Ehidden%25253Db%2525253A1%25255Ewidth%25253Dn%2525253A100%255Eo%25253Aid%25253Ds%2525253Ah32%25255Ehidden%25253Db%2525253A1%25255Ewidth%25253Dn%2525253A100%255Eo%25253Aid%25253Ds%2525253Ah33%25255Ehidden%25253Db%2525253A1%25255Ewidth%25253Dn%2525253A100%255Eo%25253Aid%25253Ds%2525253Ah34%25255Ehidden%25253Db%2525253A1%25255Ewidth%25253Dn%2525253A100%255Eo%25253Aid%25253Ds%2525253Ah35%25255Ehidden%25253Db%2525253A1%25255Ewidth%25253Dn%2525253A100%255Eo%25253Aid%25253Ds%2525253Ah36%25255Ehidden%25253Db%2525253A1%25255Ewidth%25253Dn%2525253A100%255Eo%25253Aid%25253Ds%2525253Ah37%25255Ehidden%25253Db%2525253A1%25255Ewidth%25253Dn%2525253A100%255Eo%25253Aid%25253Ds%2525253Ah38%25255Ehidden%25253Db%2525253A1%25255Ewidth%25253Dn%2525253A100%255Eo%25253Aid%25253Ds%2525253Ah39%25255Ehidden%25253Db%2525253A1%25255Ewidth%25253Dn%2525253A100%255Eo%25253Aid%25253Ds%2525253Ah40%25255Ehidden%25253Db%2525253A1%25255Ewidth%25253Dn%2525253A100%255Eo%25253Aid%25253Ds%2525253Ah41%25255Ehidden%25253Db%2525253A1%25255Ewidth%25253Dn%2525253A100%255Eo%25253Aid%25253Ds%2525253Ah42%25255Ehidden%25253Db%2525253A1%25255Ewidth%25253Dn%2525253A100%255Eo%25253Aid%25253Ds%2525253Ah43%25255Ehidden%25253Db%2525253A1%25255Ewidth%25253Dn%2525253A100%255Eo%25253Aid%25253Ds%2525253Ah44%25255Ehidden%25253Db%2525253A1%25255Ewidth%25253Dn%2525253A100%255Eo%25253Aid%25253Ds%2525253Ah45%25255Ehidden%25253Db%2525253A1%25255Ewidth%25253Dn%2525253A100%255Eo%25253Aid%25253Ds%2525253Ah46%25255Ehidden%25253Db%2525253A1%25255Ewidth%25253Dn%2525253A100"
            }],
            "title": "SQL Server Instances",
            "type": "ResourceList",
            "x": 1,
            "y": 1
         },
         {
            "collapsed": false,
            "config": {
               "impactedBadge": "",
               "refreshContent": {"refreshContent": true},
               "refreshInterval": 300,
               "selfProvider": {"selfProvider": false},
               "title": "SQL Server Alerts",
               "topIssuesDisplayLimit": 5,
               "triggeredObject": {"triggeredObject": "selfChildren"}
            },
            "gridsterCoords": {
               "h": 8,
               "w": 2,
               "x": 3,
               "y": 1
            },
            "height": 278,
            "id": "90ef5c11-a905-44df-a424-39896f1769a5",
            "title": "SQL Server Alerts",
            "type": "ProblemAlertsList",
            "x": 2,
            "y": 1
         },
         {
            "collapsed": false,
            "config": {
               "impactedBadge": "",
               "refreshContent": {"refreshContent": true},
               "refreshInterval": 300,
               "selfProvider": {"selfProvider": false},
               "title": "Virtual Machine Alerts",
               "topIssuesDisplayLimit": 5,
               "triggeredObject": {"triggeredObject": "self"}
            },
            "gridsterCoords": {
               "h": 8,
               "w": 2,
               "x": 5,
               "y": 1
            },
            "height": 278,
            "id": "2decc28d-0d35-4935-87d4-6af23083ba0c",
            "title": "Virtual Machine Alerts",
            "type": "ProblemAlertsList",
            "x": 3,
            "y": 1
         },
         {
            "collapsed": false,
            "config": {
               "columnSequence": {"columnSequence": "graphFirst"},
               "metric": {
                  "mode": "resource",
                  "resourceKindMetrics": [],
                  "resourceMetrics": []
               },
               "refreshContent": {"refreshContent": true},
               "refreshInterval": 120,
               "resInteractionMode": "MSSQL-Server-VM-Performance.xml",
               "selfProvider": {"selfProvider": false},
               "title": "SQL Server Performance",
               "undefined": {"showObjectName": false}
            },
            "gridsterCoords": {
               "h": 4,
               "w": 2,
               "x": 3,
               "y": 12
            },
            "height": 134,
            "id": "89a224bc-3a24-4069-a166-3f4877b26137",
            "states": [{
               "key": "permDateRange_widget_9e2edc46-b06f-4bdb-a4de-e8512c12afb9_89a224bc-3a24-4069-a166-3f4877b26137",
               "value": "s%3A%7B%22dateRange%22%3A%22last6Hour%22%2C%22dateFrom%22%3Anull%2C%22dateTo%22%3Anull%2C%22timeFrom%22%3Anull%2C%22timeTo%22%3Anull%7D"
            }],
            "title": "SQL Server Performance",
            "type": "SparklineChart",
            "x": 2,
            "y": 3
         },
         {
            "collapsed": false,
            "config": {
               "columnSequence": {"columnSequence": "graphFirst"},
               "metric": {
                  "mode": "resource",
                  "resourceKindMetrics": [],
                  "resourceMetrics": []
               },
               "refreshContent": {"refreshContent": false},
               "refreshInterval": 120,
               "resInteractionMode": "MSSQL-VM-Performance.xml",
               "selfProvider": {"selfProvider": false},
               "title": "Virtual Machine Performance"
            },
            "gridsterCoords": {
               "h": 4,
               "w": 2,
               "x": 5,
               "y": 12
            },
            "height": 134,
            "id": "f5d07774-5aa6-45db-a8af-994876a544f3",
            "states": [{
               "key": "permDateRange_widget_9e2edc46-b06f-4bdb-a4de-e8512c12afb9_f5d07774-5aa6-45db-a8af-994876a544f3",
               "value": "s%3A%7B%22dateRange%22%3A%22last6Hour%22%2C%22dateFrom%22%3Anull%2C%22dateTo%22%3Anull%2C%22timeFrom%22%3Anull%2C%22timeTo%22%3Anull%7D"
            }],
            "title": "Virtual Machine Performance",
            "type": "SparklineChart",
            "x": 3,
            "y": 3
         },
         {
            "collapsed": false,
            "config": {
               "columnSequence": {"columnSequence": "graphFirst"},
               "metric": {
                  "mode": "resource",
                  "resourceKindMetrics": [],
                  "resourceMetrics": []
               },
               "refreshContent": {"refreshContent": true},
               "refreshInterval": 120,
               "resInteractionMode": "MSSQL-Server-Disk-Throughput.xml",
               "selfProvider": {"selfProvider": false},
               "title": "SQL Server Disk Throughput",
               "undefined": {"showObjectName": false}
            },
            "gridsterCoords": {
               "h": 4,
               "w": 2,
               "x": 3,
               "y": 16
            },
            "height": 134,
            "id": "a217e0f7-987d-4288-849e-8aa50a26399f",
            "states": [{
               "key": "permDateRange_widget_9e2edc46-b06f-4bdb-a4de-e8512c12afb9_a217e0f7-987d-4288-849e-8aa50a26399f",
               "value": "s%3A%7B%22dateRange%22%3A%22last6Hour%22%2C%22dateFrom%22%3Anull%2C%22dateTo%22%3Anull%2C%22timeFrom%22%3Anull%2C%22timeTo%22%3Anull%7D"
            }],
            "title": "SQL Server Disk Throughput",
            "type": "SparklineChart",
            "x": 2,
            "y": 4
         },
         {
            "collapsed": false,
            "config": {
               "columnSequence": {"columnSequence": "graphFirst"},
               "metric": {
                  "mode": "resource",
                  "resourceKindMetrics": [],
                  "resourceMetrics": []
               },
               "refreshContent": {"refreshContent": true},
               "refreshInterval": 120,
               "resInteractionMode": "MSSQL-VM-Disk-Throughput.xml",
               "selfProvider": {"selfProvider": false},
               "title": "Virtual Machine Disk Throughput",
               "undefined": {"showObjectName": false}
            },
            "gridsterCoords": {
               "h": 4,
               "w": 2,
               "x": 5,
               "y": 16
            },
            "height": 134,
            "id": "ea0cd7eb-46cc-4231-ae8f-f19a6050bb0d",
            "states": [{
               "key": "permDateRange_widget_9e2edc46-b06f-4bdb-a4de-e8512c12afb9_ea0cd7eb-46cc-4231-ae8f-f19a6050bb0d",
               "value": "s%3A%7B%22dateRange%22%3A%22last6Hour%22%2C%22dateFrom%22%3Anull%2C%22dateTo%22%3Anull%2C%22timeFrom%22%3Anull%2C%22timeTo%22%3Anull%7D"
            }],
            "title": "Virtual Machine Disk Throughput",
            "type": "SparklineChart",
            "x": 3,
            "y": 4
         }
      ]
   }],
   "entries": {"resourceKind": [
      {
         "adapterKindKey": "VMWARE",
         "internalId": "resourceKind:id:0_::_",
         "resourceKindKey": "VirtualMachine"
      },
      {
         "adapterKindKey": "SqlServerAdapter",
         "internalId": "resourceKind:id:1_::_",
         "resourceKindKey": "SqlServer"
      }
   ]},
   "uuid": "e4b0f430-2d12-48ea-bb93-39ba81f75e3f"
}
