{
   "dashboards": [{
      "autoswitchEnabled": false,
      "columnCount": 1,
      "columnProportion": "1",
      "creationTime": 1520014292104,
      "dashboardNavigations": {
         "67c4fb55-face-4f13-9718-6ff5b4cc75ba": [
            {
               "id": "836cc887-86e5-4e84-b4d6-abca177e2394",
               "selected": false,
               "widgets": []
            },
            {
               "id": "a186e6aa-3de0-4318-9a8f-e7b35efe4ad7",
               "selected": false,
               "widgets": []
            },
            {
               "id": "6a8f3750-143d-40d0-873f-d8af385e3773",
               "selected": false,
               "widgets": []
            },
            {
               "id": "6a56ac8e-7d2d-481e-9407-5af3c4248bde",
               "selected": false,
               "widgets": []
            },
            {
               "id": "103d80ba-7588-46e3-83d9-2e02f65a9c85",
               "selected": false,
               "widgets": []
            },
            {
               "id": "843fbd7e-35ed-4ed0-a58c-bc9543fb7e2b",
               "selected": false,
               "widgets": []
            },
            {
               "id": "2a570a5e-bd30-4b6e-b9a3-28c5e02be2aa",
               "selected": false,
               "widgets": []
            },
            {
               "id": "cce135dc-1a4d-497d-8ada-3462d207d328",
               "selected": false,
               "widgets": []
            },
            {
               "id": "4eaea82a-7437-4f11-92af-0c4307bc6d2e",
               "selected": false,
               "widgets": []
            },
            {
               "id": "4b5c602a-6105-48d4-9318-d37c27ba1209",
               "selected": false,
               "widgets": []
            },
            {
               "id": "c8e757e0-2acd-4bb7-908c-e9520be45c53",
               "selected": false,
               "widgets": []
            },
            {
               "id": "63903603-2418-4005-8d57-a8f3ef40c26c",
               "selected": false,
               "widgets": []
            },
            {
               "id": "5944ba75-3fb7-461e-950f-99c06eb04e47",
               "selected": false,
               "widgets": []
            },
            {
               "id": "3ce6557d-8b49-4d22-aca0-79e4de828e4e",
               "selected": false,
               "widgets": []
            },
            {
               "id": "58c12c7c-73f4-44ff-82f5-59b64a7cae89",
               "selected": false,
               "widgets": []
            },
            {
               "id": "30389f02-3a3c-472b-a86b-b20adaa71975",
               "selected": false,
               "widgets": []
            },
            {
               "id": "043c48d6-3a64-4af3-874f-7d5072a529da",
               "selected": false,
               "widgets": []
            },
            {
               "id": "7bba9ce2-d3fa-4b1f-8e5a-b5b4b4057d9a",
               "selected": false,
               "widgets": []
            },
            {
               "id": "2b246753-7ffb-46e0-8372-a367c90cd043",
               "selected": false,
               "widgets": []
            },
            {
               "id": "496e3c5e-aae2-4635-969e-0a36b8039365",
               "selected": false,
               "widgets": []
            },
            {
               "id": "aa3e1b7e-eb65-4055-8bee-f7ede5bea8a1",
               "selected": false,
               "widgets": []
            },
            {
               "id": "2030edb4-0a93-4367-a5a2-4034170d89e3",
               "selected": false,
               "widgets": []
            },
            {
               "id": "17a01337-4bbd-4d0f-80a7-24e8e2edea27",
               "selected": false,
               "widgets": []
            },
            {
               "id": "cae42c87-ce6b-463b-8500-0baca2a6f920",
               "selected": false,
               "widgets": []
            },
            {
               "id": "fd0f6aca-5f50-4d20-bbfb-f3addea1ff24",
               "selected": false,
               "widgets": []
            },
            {
               "id": "21d56563-b755-4a6b-bbed-d49592c3946e",
               "selected": false,
               "widgets": []
            },
            {
               "id": "40d98b70-3e30-4080-ba82-8b1cabf8c8d0",
               "selected": false,
               "widgets": []
            },
            {
               "id": "7a770ae3-ad0b-4df9-932b-0f47849e7c9a",
               "selected": false,
               "widgets": []
            },
            {
               "id": "5bfc81fa-998b-4db0-8447-d8dae42cc998",
               "selected": false,
               "widgets": []
            },
            {
               "id": "5dc952c8-ea99-4a6d-b6b6-481f6c474273",
               "selected": false,
               "widgets": []
            },
            {
               "id": "006946e6-2d2a-4b2e-bb80-ab2efc334b1d",
               "selected": false,
               "widgets": []
            },
            {
               "id": "32f5b040-ba33-4da9-8eaf-d0ce192c9e20",
               "selected": false,
               "widgets": []
            },
            {
               "id": "8d23c5e1-fdd5-4956-86c8-bd93341aaf1e",
               "selected": false,
               "widgets": []
            },
            {
               "id": "e09ffa54-0ea3-4e70-96b7-934c794f4ee7",
               "selected": false,
               "widgets": []
            },
            {
               "id": "2c7c1680-e821-4b92-997f-00edd337c95b",
               "selected": true,
               "widgets": []
            },
            {
               "id": "31f2287c-e3ff-412d-a424-ac09b714057e",
               "selected": false,
               "widgets": []
            },
            {
               "id": "9e2edc46-b06f-4bdb-a4de-e8512c12afb9",
               "selected": false,
               "widgets": []
            },
            {
               "id": "281d83dd-b51a-4111-896e-fc8f86c05c61",
               "selected": false,
               "widgets": []
            },
            {
               "id": "4bb18fa0-0325-4780-a069-d63920073e12",
               "selected": false,
               "widgets": []
            }
         ],
         "c51404f8-637f-43a7-8a39-1ebfce9e6621": [
            {
               "id": "836cc887-86e5-4e84-b4d6-abca177e2394",
               "selected": false,
               "widgets": []
            },
            {
               "id": "a186e6aa-3de0-4318-9a8f-e7b35efe4ad7",
               "selected": false,
               "widgets": []
            },
            {
               "id": "6a8f3750-143d-40d0-873f-d8af385e3773",
               "selected": false,
               "widgets": []
            },
            {
               "id": "6a56ac8e-7d2d-481e-9407-5af3c4248bde",
               "selected": false,
               "widgets": []
            },
            {
               "id": "103d80ba-7588-46e3-83d9-2e02f65a9c85",
               "selected": false,
               "widgets": []
            },
            {
               "id": "843fbd7e-35ed-4ed0-a58c-bc9543fb7e2b",
               "selected": false,
               "widgets": []
            },
            {
               "id": "2a570a5e-bd30-4b6e-b9a3-28c5e02be2aa",
               "selected": false,
               "widgets": []
            },
            {
               "id": "cce135dc-1a4d-497d-8ada-3462d207d328",
               "selected": false,
               "widgets": []
            },
            {
               "id": "4eaea82a-7437-4f11-92af-0c4307bc6d2e",
               "selected": false,
               "widgets": []
            },
            {
               "id": "4b5c602a-6105-48d4-9318-d37c27ba1209",
               "selected": false,
               "widgets": []
            },
            {
               "id": "c8e757e0-2acd-4bb7-908c-e9520be45c53",
               "selected": false,
               "widgets": []
            },
            {
               "id": "63903603-2418-4005-8d57-a8f3ef40c26c",
               "selected": false,
               "widgets": []
            },
            {
               "id": "5944ba75-3fb7-461e-950f-99c06eb04e47",
               "selected": false,
               "widgets": []
            },
            {
               "id": "3ce6557d-8b49-4d22-aca0-79e4de828e4e",
               "selected": false,
               "widgets": []
            },
            {
               "id": "58c12c7c-73f4-44ff-82f5-59b64a7cae89",
               "selected": false,
               "widgets": []
            },
            {
               "id": "30389f02-3a3c-472b-a86b-b20adaa71975",
               "selected": false,
               "widgets": []
            },
            {
               "id": "043c48d6-3a64-4af3-874f-7d5072a529da",
               "selected": false,
               "widgets": []
            },
            {
               "id": "7bba9ce2-d3fa-4b1f-8e5a-b5b4b4057d9a",
               "selected": false,
               "widgets": []
            },
            {
               "id": "2b246753-7ffb-46e0-8372-a367c90cd043",
               "selected": false,
               "widgets": []
            },
            {
               "id": "496e3c5e-aae2-4635-969e-0a36b8039365",
               "selected": false,
               "widgets": []
            },
            {
               "id": "aa3e1b7e-eb65-4055-8bee-f7ede5bea8a1",
               "selected": false,
               "widgets": []
            },
            {
               "id": "2030edb4-0a93-4367-a5a2-4034170d89e3",
               "selected": false,
               "widgets": []
            },
            {
               "id": "17a01337-4bbd-4d0f-80a7-24e8e2edea27",
               "selected": false,
               "widgets": []
            },
            {
               "id": "cae42c87-ce6b-463b-8500-0baca2a6f920",
               "selected": false,
               "widgets": []
            },
            {
               "id": "fd0f6aca-5f50-4d20-bbfb-f3addea1ff24",
               "selected": false,
               "widgets": []
            },
            {
               "id": "21d56563-b755-4a6b-bbed-d49592c3946e",
               "selected": false,
               "widgets": []
            },
            {
               "id": "40d98b70-3e30-4080-ba82-8b1cabf8c8d0",
               "selected": false,
               "widgets": []
            },
            {
               "id": "7a770ae3-ad0b-4df9-932b-0f47849e7c9a",
               "selected": false,
               "widgets": []
            },
            {
               "id": "5bfc81fa-998b-4db0-8447-d8dae42cc998",
               "selected": false,
               "widgets": []
            },
            {
               "id": "5dc952c8-ea99-4a6d-b6b6-481f6c474273",
               "selected": false,
               "widgets": []
            },
            {
               "id": "006946e6-2d2a-4b2e-bb80-ab2efc334b1d",
               "selected": false,
               "widgets": []
            },
            {
               "id": "32f5b040-ba33-4da9-8eaf-d0ce192c9e20",
               "selected": false,
               "widgets": []
            },
            {
               "id": "8d23c5e1-fdd5-4956-86c8-bd93341aaf1e",
               "selected": false,
               "widgets": []
            },
            {
               "id": "e09ffa54-0ea3-4e70-96b7-934c794f4ee7",
               "selected": false,
               "widgets": []
            },
            {
               "id": "2c7c1680-e821-4b92-997f-00edd337c95b",
               "selected": true,
               "widgets": []
            },
            {
               "id": "31f2287c-e3ff-412d-a424-ac09b714057e",
               "selected": false,
               "widgets": []
            },
            {
               "id": "9e2edc46-b06f-4bdb-a4de-e8512c12afb9",
               "selected": false,
               "widgets": []
            },
            {
               "id": "281d83dd-b51a-4111-896e-fc8f86c05c61",
               "selected": false,
               "widgets": []
            },
            {
               "id": "4bb18fa0-0325-4780-a069-d63920073e12",
               "selected": false,
               "widgets": []
            }
         ],
         "e1c0962c-c657-4085-bf21-c2c49db7dc86": [
            {
               "id": "836cc887-86e5-4e84-b4d6-abca177e2394",
               "selected": false,
               "widgets": []
            },
            {
               "id": "a186e6aa-3de0-4318-9a8f-e7b35efe4ad7",
               "selected": false,
               "widgets": []
            },
            {
               "id": "6a8f3750-143d-40d0-873f-d8af385e3773",
               "selected": false,
               "widgets": []
            },
            {
               "id": "6a56ac8e-7d2d-481e-9407-5af3c4248bde",
               "selected": false,
               "widgets": []
            },
            {
               "id": "103d80ba-7588-46e3-83d9-2e02f65a9c85",
               "selected": false,
               "widgets": []
            },
            {
               "id": "843fbd7e-35ed-4ed0-a58c-bc9543fb7e2b",
               "selected": false,
               "widgets": []
            },
            {
               "id": "2a570a5e-bd30-4b6e-b9a3-28c5e02be2aa",
               "selected": false,
               "widgets": []
            },
            {
               "id": "cce135dc-1a4d-497d-8ada-3462d207d328",
               "selected": false,
               "widgets": []
            },
            {
               "id": "4eaea82a-7437-4f11-92af-0c4307bc6d2e",
               "selected": false,
               "widgets": []
            },
            {
               "id": "4b5c602a-6105-48d4-9318-d37c27ba1209",
               "selected": false,
               "widgets": []
            },
            {
               "id": "c8e757e0-2acd-4bb7-908c-e9520be45c53",
               "selected": false,
               "widgets": []
            },
            {
               "id": "63903603-2418-4005-8d57-a8f3ef40c26c",
               "selected": false,
               "widgets": []
            },
            {
               "id": "5944ba75-3fb7-461e-950f-99c06eb04e47",
               "selected": false,
               "widgets": []
            },
            {
               "id": "3ce6557d-8b49-4d22-aca0-79e4de828e4e",
               "selected": false,
               "widgets": []
            },
            {
               "id": "58c12c7c-73f4-44ff-82f5-59b64a7cae89",
               "selected": false,
               "widgets": []
            },
            {
               "id": "30389f02-3a3c-472b-a86b-b20adaa71975",
               "selected": false,
               "widgets": []
            },
            {
               "id": "043c48d6-3a64-4af3-874f-7d5072a529da",
               "selected": false,
               "widgets": []
            },
            {
               "id": "7bba9ce2-d3fa-4b1f-8e5a-b5b4b4057d9a",
               "selected": false,
               "widgets": []
            },
            {
               "id": "2b246753-7ffb-46e0-8372-a367c90cd043",
               "selected": false,
               "widgets": []
            },
            {
               "id": "496e3c5e-aae2-4635-969e-0a36b8039365",
               "selected": false,
               "widgets": []
            },
            {
               "id": "aa3e1b7e-eb65-4055-8bee-f7ede5bea8a1",
               "selected": false,
               "widgets": []
            },
            {
               "id": "2030edb4-0a93-4367-a5a2-4034170d89e3",
               "selected": false,
               "widgets": []
            },
            {
               "id": "17a01337-4bbd-4d0f-80a7-24e8e2edea27",
               "selected": false,
               "widgets": []
            },
            {
               "id": "cae42c87-ce6b-463b-8500-0baca2a6f920",
               "selected": false,
               "widgets": []
            },
            {
               "id": "fd0f6aca-5f50-4d20-bbfb-f3addea1ff24",
               "selected": false,
               "widgets": []
            },
            {
               "id": "21d56563-b755-4a6b-bbed-d49592c3946e",
               "selected": false,
               "widgets": []
            },
            {
               "id": "40d98b70-3e30-4080-ba82-8b1cabf8c8d0",
               "selected": false,
               "widgets": []
            },
            {
               "id": "7a770ae3-ad0b-4df9-932b-0f47849e7c9a",
               "selected": false,
               "widgets": []
            },
            {
               "id": "5bfc81fa-998b-4db0-8447-d8dae42cc998",
               "selected": false,
               "widgets": []
            },
            {
               "id": "5dc952c8-ea99-4a6d-b6b6-481f6c474273",
               "selected": false,
               "widgets": []
            },
            {
               "id": "006946e6-2d2a-4b2e-bb80-ab2efc334b1d",
               "selected": false,
               "widgets": []
            },
            {
               "id": "32f5b040-ba33-4da9-8eaf-d0ce192c9e20",
               "selected": false,
               "widgets": []
            },
            {
               "id": "8d23c5e1-fdd5-4956-86c8-bd93341aaf1e",
               "selected": false,
               "widgets": []
            },
            {
               "id": "e09ffa54-0ea3-4e70-96b7-934c794f4ee7",
               "selected": false,
               "widgets": []
            },
            {
               "id": "2c7c1680-e821-4b92-997f-00edd337c95b",
               "selected": false,
               "widgets": []
            },
            {
               "id": "31f2287c-e3ff-412d-a424-ac09b714057e",
               "selected": false,
               "widgets": []
            },
            {
               "id": "9e2edc46-b06f-4bdb-a4de-e8512c12afb9",
               "selected": false,
               "widgets": []
            },
            {
               "id": "281d83dd-b51a-4111-896e-fc8f86c05c61",
               "selected": false,
               "widgets": []
            },
            {
               "id": "4bb18fa0-0325-4780-a069-d63920073e12",
               "selected": false,
               "widgets": []
            }
         ]
      },
      "description": "",
      "disabled": false,
      "hidden": false,
      "homeTab": false,
      "id": "acfcb702-c816-42ef-8074-c6b43880488a",
      "importAttempts": 0,
      "importComplete": true,
      "isDefault": false,
      "locked": false,
      "name": "Microsoft SQL Server/Microsoft SQL Server Query Plan",
      "namePath": "Microsoft SQL Server",
      "rank": 64,
      "shared": true,
      "temporary": false,
      "userId": "af18ccac-bf0e-4a24-b966-b261c234faad",
      "widgetInteractions": [
         {
            "type": "resourceId",
            "widgetIdProvider": "c51404f8-637f-43a7-8a39-1ebfce9e6621",
            "widgetIdReceiver": "67c4fb55-face-4f13-9718-6ff5b4cc75ba"
         },
         {
            "type": "resourceId",
            "widgetIdProvider": "67c4fb55-face-4f13-9718-6ff5b4cc75ba",
            "widgetIdReceiver": "026bcf66-5f4d-4e32-8bde-41007e3ab5d9"
         },
         {
            "type": "resourceId",
            "widgetIdProvider": "e1c0962c-c657-4085-bf21-c2c49db7dc86",
            "widgetIdReceiver": "c51404f8-637f-43a7-8a39-1ebfce9e6621"
         },
         {
            "type": "resourceId",
            "widgetIdProvider": "67c4fb55-face-4f13-9718-6ff5b4cc75ba",
            "widgetIdReceiver": "9d65587c-e560-44ec-9b18-76151005526c"
         }
      ],
      "widgets": [
         {
            "collapsed": false,
            "config": {
               "additionalColumns": [],
               "mode": {"mode": 0},
               "refreshContent": {"refreshContent": false},
               "refreshInterval": 180,
               "selectFirstRow": {"selectFirstRow": true},
               "tagFilter": {
                  "path": ["/source/kind/kind:resourceKind:id:0_::_"],
                  "value": {
                     "adapterInstance": [],
                     "adapterKind": [],
                     "bus": [],
                     "collector": [],
                     "day": [],
                     "exclaim": false,
                     "healthRange": [],
                     "kind": ["resourceKind:id:0_::_"],
                     "maintenanceSchedule": [],
                     "state": [],
                     "status": [],
                     "tag": [],
                     "tier": []
                  }
               },
               "title": "SQL Server Instance"
            },
            "gridsterCoords": {
               "h": 9,
               "w": 3,
               "x": 1,
               "y": 1
            },
            "height": 495,
            "id": "e1c0962c-c657-4085-bf21-c2c49db7dc86",
            "states": [{
               "key": "permResGrid_widget_acfcb702-c816-42ef-8074-c6b43880488a_e1c0962c-c657-4085-bf21-c2c49db7dc86",
               "value": "o%3Acolumns%3Da%253Ao%25253Aid%25253Ds%2525253Ah1%25255Ehidden%25253Db%2525253A1%25255Ewidth%25253Dn%2525253A100%255Eo%25253Aid%25253Ds%2525253Ah2%25255Ewidth%25253Dn%2525253A209%255Eo%25253Aid%25253Ds%2525253Ah3%25255Ehidden%25253Db%2525253A1%25255Ewidth%25253Dn%2525253A100%255Eo%25253Aid%25253Ds%2525253Ah4%25255Ehidden%25253Db%2525253A1%25255Ewidth%25253Dn%2525253A100%255Eo%25253Aid%25253Ds%2525253Ah5%25255Ewidth%25253Dn%2525253A200%255Eo%25253Aid%25253Ds%2525253Ah6%25255Ehidden%25253Db%2525253A1%25255Ewidth%25253Dn%2525253A100%255Eo%25253Aid%25253Ds%2525253Ah7%25255Ehidden%25253Db%2525253A1%25255Ewidth%25253Dn%2525253A100%255Eo%25253Aid%25253Ds%2525253Ah8%25255Ehidden%25253Db%2525253A1%25255Ewidth%25253Dn%2525253A100%255Eo%25253Aid%25253Ds%2525253Ah9%25255Ehidden%25253Db%2525253A1%25255Ewidth%25253Dn%2525253A100%255Eo%25253Aid%25253Ds%2525253Ah10%25255Ehidden%25253Db%2525253A1%25255Ewidth%25253Dn%2525253A100%255Eo%25253Aid%25253Ds%2525253Ah11%25255Ehidden%25253Db%2525253A1%25255Ewidth%25253Dn%2525253A100%255Eo%25253Aid%25253Ds%2525253Ah12%25255Ehidden%25253Db%2525253A1%25255Ewidth%25253Dn%2525253A100%255Eo%25253Aid%25253Ds%2525253Ah13%25255Ehidden%25253Db%2525253A1%25255Ewidth%25253Dn%2525253A100%255Eo%25253Aid%25253Ds%2525253Ah14%25255Ehidden%25253Db%2525253A1%25255Ewidth%25253Dn%2525253A100%255Eo%25253Aid%25253Ds%2525253Ah15%25255Ehidden%25253Db%2525253A0%25255Ewidth%25253Dn%2525253A135%255Eo%25253Aid%25253Ds%2525253Ah16%25255Ehidden%25253Db%2525253A1%25255Ewidth%25253Dn%2525253A100%255Eo%25253Aid%25253Ds%2525253Ah17%25255Ehidden%25253Db%2525253A1%25255Ewidth%25253Dn%2525253A100%255Eo%25253Aid%25253Ds%2525253Ah18%25255Ehidden%25253Db%2525253A1%25255Ewidth%25253Dn%2525253A100%255Eo%25253Aid%25253Ds%2525253Ah19%25255Ehidden%25253Db%2525253A1%25255Ewidth%25253Dn%2525253A100%255Eo%25253Aid%25253Ds%2525253Ah20%25255Ehidden%25253Db%2525253A1%25255Ewidth%25253Dn%2525253A100%255Eo%25253Aid%25253Ds%2525253Ah21%25255Ehidden%25253Db%2525253A1%25255Ewidth%25253Dn%2525253A100%255Eo%25253Aid%25253Ds%2525253Ah22%25255Ehidden%25253Db%2525253A1%25255Ewidth%25253Dn%2525253A100%255Eo%25253Aid%25253Ds%2525253Ah23%25255Ehidden%25253Db%2525253A1%25255Ewidth%25253Dn%2525253A100%255Eo%25253Aid%25253Ds%2525253Ah24%25255Ehidden%25253Db%2525253A1%25255Ewidth%25253Dn%2525253A100%255Eo%25253Aid%25253Ds%2525253Ah25%25255Ehidden%25253Db%2525253A1%25255Ewidth%25253Dn%2525253A100%255Eo%25253Aid%25253Ds%2525253Ah26%25255Ehidden%25253Db%2525253A1%25255Ewidth%25253Dn%2525253A100%255Eo%25253Aid%25253Ds%2525253Ah27%25255Ehidden%25253Db%2525253A1%25255Ewidth%25253Dn%2525253A100%255Eo%25253Aid%25253Ds%2525253Ah28%25255Ehidden%25253Db%2525253A1%25255Ewidth%25253Dn%2525253A100%255Eo%25253Aid%25253Ds%2525253Ah29%25255Ehidden%25253Db%2525253A1%25255Ewidth%25253Dn%2525253A100%255Eo%25253Aid%25253Ds%2525253Ah30%25255Ehidden%25253Db%2525253A1%25255Ewidth%25253Dn%2525253A100%255Eo%25253Aid%25253Ds%2525253Ah31%25255Ehidden%25253Db%2525253A1%25255Ewidth%25253Dn%2525253A100%255Eo%25253Aid%25253Ds%2525253Ah32%25255Ehidden%25253Db%2525253A1%25255Ewidth%25253Dn%2525253A100%255Eo%25253Aid%25253Ds%2525253Ah33%25255Ehidden%25253Db%2525253A1%25255Ewidth%25253Dn%2525253A100%255Eo%25253Aid%25253Ds%2525253Ah34%25255Ehidden%25253Db%2525253A1%25255Ewidth%25253Dn%2525253A100%255Eo%25253Aid%25253Ds%2525253Ah35%25255Ehidden%25253Db%2525253A1%25255Ewidth%25253Dn%2525253A100%255Eo%25253Aid%25253Ds%2525253Ah36%25255Ehidden%25253Db%2525253A1%25255Ewidth%25253Dn%2525253A100%255Eo%25253Aid%25253Ds%2525253Ah37%25255Ehidden%25253Db%2525253A1%25255Ewidth%25253Dn%2525253A100%255Eo%25253Aid%25253Ds%2525253Ah38%25255Ehidden%25253Db%2525253A1%25255Ewidth%25253Dn%2525253A100%255Eo%25253Aid%25253Ds%2525253Ah39%25255Ehidden%25253Db%2525253A1%25255Ewidth%25253Dn%2525253A100%255Eo%25253Aid%25253Ds%2525253Ah40%25255Ehidden%25253Db%2525253A1%25255Ewidth%25253Dn%2525253A100%255Eo%25253Aid%25253Ds%2525253Ah41%25255Ehidden%25253Db%2525253A1%25255Ewidth%25253Dn%2525253A100%255Eo%25253Aid%25253Ds%2525253Ah42%25255Ehidden%25253Db%2525253A1%25255Ewidth%25253Dn%2525253A100%255Eo%25253Aid%25253Ds%2525253Ah43%25255Ehidden%25253Db%2525253A1%25255Ewidth%25253Dn%2525253A100%255Eo%25253Aid%25253Ds%2525253Ah44%25255Ehidden%25253Db%2525253A1%25255Ewidth%25253Dn%2525253A100%255Eo%25253Aid%25253Ds%2525253Ah45%25255Ehidden%25253Db%2525253A1%25255Ewidth%25253Dn%2525253A100%255Eo%25253Aid%25253Ds%2525253Ah46%25255Ehidden%25253Db%2525253A1%25255Ewidth%25253Dn%2525253A100"
            }],
            "title": "SQL Server Instance",
            "type": "ResourceList"
         },
         {
            "collapsed": false,
            "config": {
               "additionalColumns": [],
               "mode": {"mode": 0},
               "refreshContent": {"refreshContent": false},
               "refreshInterval": 180,
               "selectFirstRow": {"selectFirstRow": true},
               "tagFilter": {
                  "path": ["/source/kind/kind:resourceKind:id:1_::_"],
                  "value": {
                     "adapterInstance": [],
                     "adapterKind": [],
                     "bus": [],
                     "collector": [],
                     "day": [],
                     "exclaim": false,
                     "healthRange": [],
                     "kind": ["resourceKind:id:1_::_"],
                     "maintenanceSchedule": [],
                     "state": [],
                     "status": [],
                     "tag": [],
                     "tier": []
                  }
               },
               "title": "Selected SQL Query (Use action to generate plan)"
            },
            "gridsterCoords": {
               "h": 5,
               "w": 3,
               "x": 1,
               "y": 10
            },
            "height": 267,
            "id": "67c4fb55-face-4f13-9718-6ff5b4cc75ba",
            "states": [
               {
                  "key": "perm_toolbarVisible_widget_acfcb702-c816-42ef-8074-c6b43880488a_67c4fb55-face-4f13-9718-6ff5b4cc75ba",
                  "value": "b%3A1"
               },
               {
                  "key": "permResGrid_widget_acfcb702-c816-42ef-8074-c6b43880488a_67c4fb55-face-4f13-9718-6ff5b4cc75ba",
                  "value": "o%3Acolumns%3Da%253Ao%25253Aid%25253Ds%2525253Ah1%25255Ehidden%25253Db%2525253A1%25255Ewidth%25253Dn%2525253A100%255Eo%25253Aid%25253Ds%2525253Ah2%25255Ewidth%25253Dn%2525253A265%255Eo%25253Aid%25253Ds%2525253Ah3%25255Ehidden%25253Db%2525253A1%25255Ewidth%25253Dn%2525253A100%255Eo%25253Aid%25253Ds%2525253Ah4%25255Ehidden%25253Db%2525253A1%25255Ewidth%25253Dn%2525253A100%255Eo%25253Aid%25253Ds%2525253Ah5%25255Ewidth%25253Dn%2525253A198%255Eo%25253Aid%25253Ds%2525253Ah6%25255Ehidden%25253Db%2525253A1%25255Ewidth%25253Dn%2525253A100%255Eo%25253Aid%25253Ds%2525253Ah7%25255Ehidden%25253Db%2525253A1%25255Ewidth%25253Dn%2525253A100%255Eo%25253Aid%25253Ds%2525253Ah8%25255Ehidden%25253Db%2525253A1%25255Ewidth%25253Dn%2525253A100%255Eo%25253Aid%25253Ds%2525253Ah9%25255Ehidden%25253Db%2525253A1%25255Ewidth%25253Dn%2525253A100%255Eo%25253Aid%25253Ds%2525253Ah10%25255Ehidden%25253Db%2525253A1%25255Ewidth%25253Dn%2525253A100%255Eo%25253Aid%25253Ds%2525253Ah11%25255Ehidden%25253Db%2525253A1%25255Ewidth%25253Dn%2525253A100%255Eo%25253Aid%25253Ds%2525253Ah12%25255Ehidden%25253Db%2525253A1%25255Ewidth%25253Dn%2525253A100%255Eo%25253Aid%25253Ds%2525253Ah13%25255Ehidden%25253Db%2525253A1%25255Ewidth%25253Dn%2525253A100%255Eo%25253Aid%25253Ds%2525253Ah14%25255Ehidden%25253Db%2525253A1%25255Ewidth%25253Dn%2525253A100%255Eo%25253Aid%25253Ds%2525253Ah15%25255Ehidden%25253Db%2525253A0%25255Ewidth%25253Dn%2525253A100%255Eo%25253Aid%25253Ds%2525253Ah16%25255Ehidden%25253Db%2525253A1%25255Ewidth%25253Dn%2525253A100%255Eo%25253Aid%25253Ds%2525253Ah17%25255Ehidden%25253Db%2525253A1%25255Ewidth%25253Dn%2525253A100%255Eo%25253Aid%25253Ds%2525253Ah18%25255Ehidden%25253Db%2525253A1%25255Ewidth%25253Dn%2525253A100%255Eo%25253Aid%25253Ds%2525253Ah19%25255Ehidden%25253Db%2525253A1%25255Ewidth%25253Dn%2525253A100%255Eo%25253Aid%25253Ds%2525253Ah20%25255Ehidden%25253Db%2525253A1%25255Ewidth%25253Dn%2525253A100%255Eo%25253Aid%25253Ds%2525253Ah21%25255Ehidden%25253Db%2525253A1%25255Ewidth%25253Dn%2525253A100%255Eo%25253Aid%25253Ds%2525253Ah22%25255Ehidden%25253Db%2525253A1%25255Ewidth%25253Dn%2525253A100%255Eo%25253Aid%25253Ds%2525253Ah23%25255Ehidden%25253Db%2525253A1%25255Ewidth%25253Dn%2525253A100%255Eo%25253Aid%25253Ds%2525253Ah24%25255Ehidden%25253Db%2525253A1%25255Ewidth%25253Dn%2525253A100%255Eo%25253Aid%25253Ds%2525253Ah25%25255Ehidden%25253Db%2525253A1%25255Ewidth%25253Dn%2525253A100%255Eo%25253Aid%25253Ds%2525253Ah26%25255Ehidden%25253Db%2525253A1%25255Ewidth%25253Dn%2525253A100%255Eo%25253Aid%25253Ds%2525253Ah27%25255Ehidden%25253Db%2525253A1%25255Ewidth%25253Dn%2525253A100%255Eo%25253Aid%25253Ds%2525253Ah28%25255Ehidden%25253Db%2525253A1%25255Ewidth%25253Dn%2525253A100%255Eo%25253Aid%25253Ds%2525253Ah29%25255Ehidden%25253Db%2525253A1%25255Ewidth%25253Dn%2525253A100%255Eo%25253Aid%25253Ds%2525253Ah30%25255Ehidden%25253Db%2525253A1%25255Ewidth%25253Dn%2525253A100%255Eo%25253Aid%25253Ds%2525253Ah31%25255Ehidden%25253Db%2525253A1%25255Ewidth%25253Dn%2525253A100%255Eo%25253Aid%25253Ds%2525253Ah32%25255Ehidden%25253Db%2525253A1%25255Ewidth%25253Dn%2525253A100%255Eo%25253Aid%25253Ds%2525253Ah33%25255Ehidden%25253Db%2525253A1%25255Ewidth%25253Dn%2525253A100%255Eo%25253Aid%25253Ds%2525253Ah34%25255Ehidden%25253Db%2525253A1%25255Ewidth%25253Dn%2525253A100%255Eo%25253Aid%25253Ds%2525253Ah35%25255Ehidden%25253Db%2525253A1%25255Ewidth%25253Dn%2525253A100%255Eo%25253Aid%25253Ds%2525253Ah36%25255Ehidden%25253Db%2525253A1%25255Ewidth%25253Dn%2525253A100%255Eo%25253Aid%25253Ds%2525253Ah37%25255Ehidden%25253Db%2525253A1%25255Ewidth%25253Dn%2525253A100%255Eo%25253Aid%25253Ds%2525253Ah38%25255Ehidden%25253Db%2525253A1%25255Ewidth%25253Dn%2525253A100%255Eo%25253Aid%25253Ds%2525253Ah39%25255Ehidden%25253Db%2525253A1%25255Ewidth%25253Dn%2525253A100%255Eo%25253Aid%25253Ds%2525253Ah40%25255Ehidden%25253Db%2525253A1%25255Ewidth%25253Dn%2525253A100%255Eo%25253Aid%25253Ds%2525253Ah41%25255Ehidden%25253Db%2525253A1%25255Ewidth%25253Dn%2525253A100%255Eo%25253Aid%25253Ds%2525253Ah42%25255Ehidden%25253Db%2525253A1%25255Ewidth%25253Dn%2525253A100%255Eo%25253Aid%25253Ds%2525253Ah43%25255Ehidden%25253Db%2525253A1%25255Ewidth%25253Dn%2525253A100%255Eo%25253Aid%25253Ds%2525253Ah44%25255Ehidden%25253Db%2525253A1%25255Ewidth%25253Dn%2525253A100%255Eo%25253Aid%25253Ds%2525253Ah45%25255Ehidden%25253Db%2525253A1%25255Ewidth%25253Dn%2525253A100%255Eo%25253Aid%25253Ds%2525253Ah46%25255Ehidden%25253Db%2525253A1%25255Ewidth%25253Dn%2525253A100%5EstoreState%3Do%253Asorters%253Da%25253Ao%2525253Aroot%2525253Ds%252525253Adata%2525255Eproperty%2525253Ds%252525253AresourceCollectionStatus%2525255Edirection%2525253Ds%252525253AASC"
               }
            ],
            "title": "Selected SQL Query (Use action to generate plan)",
            "type": "ResourceList"
         },
         {
            "collapsed": false,
            "config": {
               "locationFile": "SQL Server Query Plan",
               "locationUrl": "",
               "refreshContent": {"refreshContent": false},
               "refreshInterval": 60,
               "title": "Query Plan",
               "viewModeHTML": true
            },
            "gridsterCoords": {
               "h": 15,
               "w": 6,
               "x": 1,
               "y": 15
            },
            "height": 837,
            "id": "026bcf66-5f4d-4e32-8bde-41007e3ab5d9",
            "title": "Query Plan",
            "type": "TextDisplay"
         },
         {
            "collapsed": false,
            "config": {
               "barsCount": 10,
               "depth": 10,
               "filterMode": "tagFilter",
               "filterOldMetrics": false,
               "metricOption": {
                  "metricInfo": {
                     "path": ["/source/GROUP_general/general|avg_execution_time"],
                     "value": "general|avg_execution_time"
                  },
                  "resourceKindId": ["resourceKind:id:1_::_"],
                  "tagFilter": null,
                  "value": {"metricOption": "metricsHighestUtilization"}
               },
               "mode": "metric",
               "periodLength": {
                  "dateRange": "lastHour",
                  "dateRangeText": "Last hour"
               },
               "refreshContent": {"refreshContent": true},
               "refreshInterval": 180,
               "regenerationTime": 15,
               "selfProvider": {"selfProvider": false},
               "tagOption": {
                  "tagFilter": null,
                  "value": {"tagOption": "leastHealthyApplications"}
               },
               "title": "Query Average Execution Time"
            },
            "gridsterCoords": {
               "h": 9,
               "w": 3,
               "x": 4,
               "y": 1
            },
            "height": 495,
            "id": "c51404f8-637f-43a7-8a39-1ebfce9e6621",
            "title": "Query Average Execution Time",
            "type": "ParetoAnalysis"
         },
         {
            "collapsed": false,
            "config": {
               "resource": null,
               "selfProvider": {"selfProvider": false},
               "title": "Query Text",
               "viewDefinitionId": "d4a3e511-42c6-4a91-b0ef-0956a3b307a3"
            },
            "gridsterCoords": {
               "h": 5,
               "w": 3,
               "x": 4,
               "y": 10
            },
            "height": 267,
            "id": "9d65587c-e560-44ec-9b18-76151005526c",
            "title": "Query Text",
            "type": "View"
         }
      ]
   }],
   "entries": {"resourceKind": [
      {
         "adapterKindKey": "SqlServerAdapter",
         "internalId": "resourceKind:id:0_::_",
         "resourceKindKey": "SqlServer"
      },
      {
         "adapterKindKey": "SqlServerAdapter",
         "internalId": "resourceKind:id:1_::_",
         "resourceKindKey": "SqlQuery"
      }
   ]},
   "uuid": "555d6e52-d7e6-4f06-b524-aaa48c14aee0"
}