{
   "dashboards": [{
      "autoswitchEnabled": false,
      "columnCount": 3,
      "columnProportion": "0.332-0.348-0.32",
      "creationTime": 1516029097156,
      "disabled": false,
      "id": "5dc952c8-ea99-4a6d-b6b6-481f6c474273",
      "importAttempts": 0,
      "importComplete": true,
      "isDefault": false,
      "locked": false,
      "name": "Microsoft SQL Server/Microsoft SQL Server Availability Group",
      "namePath": "Microsoft SQL Server",
      "rank": 32,
      "shared": true,
      "temporary": false,
      "userId": "affac0e9-d7e4-4110-be22-60b11b6ff353",
      "widgetInteractions": [
         {
            "type": "resourceId",
            "widgetIdProvider": "2dadfc9e-4d03-4e9b-8eaa-092baa89c0c4",
            "widgetIdReceiver": "522a2bd9-8cb4-495c-8750-faded7cd3dcd"
         },
         {
            "type": "resourceId",
            "widgetIdProvider": "38735ec6-25e3-4b8d-9e56-c0eb595820df",
            "widgetIdReceiver": "d3f29c87-adc1-4607-9e4b-a480e16540d7"
         },
         {
            "type": "resourceId",
            "widgetIdProvider": "676eab67-a0fe-4e0f-a991-42f8739ffce6",
            "widgetIdReceiver": "fcd0da92-874d-477c-a255-ee1cc50e24fe"
         },
         {
            "type": "resourceId",
            "widgetIdProvider": "38735ec6-25e3-4b8d-9e56-c0eb595820df",
            "widgetIdReceiver": "e7019100-24e0-4d97-bf07-b97ea7d29add"
         },
         {
            "type": "resourceId",
            "widgetIdProvider": "38735ec6-25e3-4b8d-9e56-c0eb595820df",
            "widgetIdReceiver": "2dadfc9e-4d03-4e9b-8eaa-092baa89c0c4"
         },
         {
            "type": "resourceId",
            "widgetIdProvider": "676eab67-a0fe-4e0f-a991-42f8739ffce6",
            "widgetIdReceiver": "bb2c72a6-1af7-4c5c-becf-fd806dae6546"
         },
         {
            "type": "resourceId",
            "widgetIdProvider": "38735ec6-25e3-4b8d-9e56-c0eb595820df",
            "widgetIdReceiver": "676eab67-a0fe-4e0f-a991-42f8739ffce6"
         },
         {
            "type": "resourceId",
            "widgetIdProvider": "2dadfc9e-4d03-4e9b-8eaa-092baa89c0c4",
            "widgetIdReceiver": "93eed91c-afe9-43a4-b464-00b4e10453cb"
         },
         {
            "type": "resourceId",
            "widgetIdProvider": "38735ec6-25e3-4b8d-9e56-c0eb595820df",
            "widgetIdReceiver": "e7301293-03b8-4735-b4f4-67e279012caa"
         },
         {
            "type": "resourceId",
            "widgetIdProvider": "38735ec6-25e3-4b8d-9e56-c0eb595820df",
            "widgetIdReceiver": "54b7ecfe-0a20-442a-8c37-a9a756d603bf"
         }
      ],
      "widgets": [
         {
            "collapsed": false,
            "config": {
               "refreshContent": {"refreshContent": true},
               "refreshInterval": 120,
               "resInteractionMode": "MSSQL-VM-Disk-Overview.xml",
               "resourceMetrics": [],
               "selfProvider": {"selfProvider": false},
               "title": "VM Disk Performance"
            },
            "gridsterCoords": {
               "h": 30,
               "w": 2,
               "x": 5,
               "y": 10
            },
            "height": 1070,
            "id": "522a2bd9-8cb4-495c-8750-faded7cd3dcd",
            "states": [
               {
                  "key": "permDateRange1_metricChart_widget_5dc952c8-ea99-4a6d-b6b6-481f6c474273_522a2bd9-8cb4-495c-8750-faded7cd3dcd",
                  "value": "s%3A%7B%22dateRange%22%3A%22last6Hour%22%2C%22dateFrom%22%3Anull%2C%22dateTo%22%3Anull%2C%22timeFrom%22%3Anull%2C%22timeTo%22%3Anull%7D"
               },
               {
                  "key": "permBtn_pan_permMetricChart_widget_5dc952c8-ea99-4a6d-b6b6-481f6c474273_522a2bd9-8cb4-495c-8750-faded7cd3dcd",
                  "value": "b%3A0"
               },
               {
                  "key": "permDateRange1_permMetricChart_widget_5dc952c8-ea99-4a6d-b6b6-481f6c474273_522a2bd9-8cb4-495c-8750-faded7cd3dcd",
                  "value": "s%3A%7B%22dateRange%22%3A%22last6Hour%22%2C%22dateFrom%22%3Anull%2C%22dateTo%22%3Anull%2C%22timeFrom%22%3Anull%2C%22timeTo%22%3Anull%7D"
               },
               {
                  "key": "permMetricChart_widget_5dc952c8-ea99-4a6d-b6b6-481f6c474273_522a2bd9-8cb4-495c-8750-faded7cd3dcd",
                  "value": "o%3A"
               },
               {
                  "key": "permBtn_zoomAllGraphs_permMetricChart_widget_5dc952c8-ea99-4a6d-b6b6-481f6c474273_522a2bd9-8cb4-495c-8750-faded7cd3dcd",
                  "value": "b%3A0"
               }
            ],
            "title": "VM Disk Performance",
            "type": "MetricChart",
            "x": 3,
            "y": 3
         },
         {
            "collapsed": false,
            "config": {
               "additionalColumns": [],
               "mode": {"mode": 0},
               "refreshContent": {"refreshContent": true},
               "refreshInterval": 300,
               "selectFirstRow": {"selectFirstRow": true},
               "tagFilter": {
                  "path": ["/source/kind/kind:resourceKind:id:0_::_"],
                  "value": {
                     "adapterInstance": [],
                     "adapterKind": [],
                     "bus": [],
                     "collector": [],
                     "day": [],
                     "exclaim": false,
                     "healthRange": [],
                     "kind": ["resourceKind:id:0_::_"],
                     "maintenanceSchedule": [],
                     "state": [],
                     "status": [],
                     "tag": [],
                     "tier": []
                  }
               },
               "title": "Availability Groups"
            },
            "gridsterCoords": {
               "h": 5,
               "w": 2,
               "x": 1,
               "y": 1
            },
            "height": 170,
            "id": "38735ec6-25e3-4b8d-9e56-c0eb595820df",
            "states": [{
               "key": "permResGrid_widget_5dc952c8-ea99-4a6d-b6b6-481f6c474273_38735ec6-25e3-4b8d-9e56-c0eb595820df",
               "value": "o%3Acolumns%3Da%253Ao%25253Aid%25253Ds%2525253Ah1%25255Ehidden%25253Db%2525253A1%25255Ewidth%25253Dn%2525253A100%255Eo%25253Aid%25253Ds%2525253Ah15%25255Ehidden%25253Db%2525253A0%25255Ewidth%25253Dn%2525253A100%255Eo%25253Aid%25253Ds%2525253Ah2%25255Ehidden%25253Db%2525253A0%25255Ewidth%25253Dn%2525253A189%255Eo%25253Aid%25253Ds%2525253Ah3%25255Ehidden%25253Db%2525253A1%25255Ewidth%25253Dn%2525253A100%255Eo%25253Aid%25253Ds%2525253Ah4%25255Ehidden%25253Db%2525253A1%25255Ewidth%25253Dn%2525253A100%255Eo%25253Aid%25253Ds%2525253Ah5%25255Ehidden%25253Db%2525253A1%25255Ewidth%25253Dn%2525253A100%255Eo%25253Aid%25253Ds%2525253Ah6%25255Ehidden%25253Db%2525253A1%25255Ewidth%25253Dn%2525253A100%255Eo%25253Aid%25253Ds%2525253Ah7%25255Ehidden%25253Db%2525253A1%25255Ewidth%25253Dn%2525253A100%255Eo%25253Aid%25253Ds%2525253Ah8%25255Ehidden%25253Db%2525253A1%25255Ewidth%25253Dn%2525253A100%255Eo%25253Aid%25253Ds%2525253Ah9%25255Ehidden%25253Db%2525253A1%25255Ewidth%25253Dn%2525253A100%255Eo%25253Aid%25253Ds%2525253Ah10%25255Ehidden%25253Db%2525253A1%25255Ewidth%25253Dn%2525253A100%255Eo%25253Aid%25253Ds%2525253Ah11%25255Ehidden%25253Db%2525253A1%25255Ewidth%25253Dn%2525253A100%255Eo%25253Aid%25253Ds%2525253Ah12%25255Ehidden%25253Db%2525253A1%25255Ewidth%25253Dn%2525253A100%255Eo%25253Aid%25253Ds%2525253Ah13%25255Ehidden%25253Db%2525253A1%25255Ewidth%25253Dn%2525253A100%255Eo%25253Aid%25253Ds%2525253Ah14%25255Ehidden%25253Db%2525253A1%25255Ewidth%25253Dn%2525253A67%255Eo%25253Aid%25253Ds%2525253Ah16%25255Ehidden%25253Db%2525253A1%25255Ewidth%25253Dn%2525253A100%255Eo%25253Aid%25253Ds%2525253Ah17%25255Ehidden%25253Db%2525253A1%25255Ewidth%25253Dn%2525253A100%255Eo%25253Aid%25253Ds%2525253Ah18%25255Ehidden%25253Db%2525253A1%25255Ewidth%25253Dn%2525253A100%255Eo%25253Aid%25253Ds%2525253Ah19%25255Ehidden%25253Db%2525253A1%25255Ewidth%25253Dn%2525253A100%255Eo%25253Aid%25253Ds%2525253Ah20%25255Ehidden%25253Db%2525253A1%25255Ewidth%25253Dn%2525253A100%255Eo%25253Aid%25253Ds%2525253Ah21%25255Ehidden%25253Db%2525253A1%25255Ewidth%25253Dn%2525253A100%255Eo%25253Aid%25253Ds%2525253Ah22%25255Ehidden%25253Db%2525253A1%25255Ewidth%25253Dn%2525253A100%255Eo%25253Aid%25253Ds%2525253Ah23%25255Ehidden%25253Db%2525253A1%25255Ewidth%25253Dn%2525253A100%255Eo%25253Aid%25253Ds%2525253Ah24%25255Ehidden%25253Db%2525253A1%25255Ewidth%25253Dn%2525253A100%255Eo%25253Aid%25253Ds%2525253Ah25%25255Ehidden%25253Db%2525253A1%25255Ewidth%25253Dn%2525253A100%255Eo%25253Aid%25253Ds%2525253Ah26%25255Ehidden%25253Db%2525253A1%25255Ewidth%25253Dn%2525253A100%255Eo%25253Aid%25253Ds%2525253Ah27%25255Ehidden%25253Db%2525253A1%25255Ewidth%25253Dn%2525253A100%255Eo%25253Aid%25253Ds%2525253Ah28%25255Ehidden%25253Db%2525253A1%25255Ewidth%25253Dn%2525253A100%255Eo%25253Aid%25253Ds%2525253Ah29%25255Ehidden%25253Db%2525253A1%25255Ewidth%25253Dn%2525253A100%255Eo%25253Aid%25253Ds%2525253Ah30%25255Ehidden%25253Db%2525253A1%25255Ewidth%25253Dn%2525253A100%255Eo%25253Aid%25253Ds%2525253Ah31%25255Ehidden%25253Db%2525253A1%25255Ewidth%25253Dn%2525253A100%255Eo%25253Aid%25253Ds%2525253Ah32%25255Ehidden%25253Db%2525253A1%25255Ewidth%25253Dn%2525253A100%255Eo%25253Aid%25253Ds%2525253Ah33%25255Ehidden%25253Db%2525253A1%25255Ewidth%25253Dn%2525253A100%255Eo%25253Aid%25253Ds%2525253Ah34%25255Ehidden%25253Db%2525253A1%25255Ewidth%25253Dn%2525253A100%255Eo%25253Aid%25253Ds%2525253Ah35%25255Ehidden%25253Db%2525253A1%25255Ewidth%25253Dn%2525253A100%255Eo%25253Aid%25253Ds%2525253Ah36%25255Ehidden%25253Db%2525253A1%25255Ewidth%25253Dn%2525253A100%255Eo%25253Aid%25253Ds%2525253Ah37%25255Ehidden%25253Db%2525253A1%25255Ewidth%25253Dn%2525253A100%255Eo%25253Aid%25253Ds%2525253Ah38%25255Ehidden%25253Db%2525253A1%25255Ewidth%25253Dn%2525253A100%255Eo%25253Aid%25253Ds%2525253Ah39%25255Ehidden%25253Db%2525253A1%25255Ewidth%25253Dn%2525253A100%255Eo%25253Aid%25253Ds%2525253Ah40%25255Ehidden%25253Db%2525253A1%25255Ewidth%25253Dn%2525253A100%255Eo%25253Aid%25253Ds%2525253Ah41%25255Ehidden%25253Db%2525253A1%25255Ewidth%25253Dn%2525253A100%255Eo%25253Aid%25253Ds%2525253Ah42%25255Ehidden%25253Db%2525253A1%25255Ewidth%25253Dn%2525253A100%255Eo%25253Aid%25253Ds%2525253Ah43%25255Ehidden%25253Db%2525253A1%25255Ewidth%25253Dn%2525253A100%255Eo%25253Aid%25253Ds%2525253Ah44%25255Ehidden%25253Db%2525253A1%25255Ewidth%25253Dn%2525253A100%255Eo%25253Aid%25253Ds%2525253Ah45%25255Ehidden%25253Db%2525253A1%25255Ewidth%25253Dn%2525253A100%255Eo%25253Aid%25253Ds%2525253Ah46%25255Ehidden%25253Db%2525253A1%25255Ewidth%25253Dn%2525253A100"
            }],
            "title": "Availability Groups",
            "type": "ResourceList",
            "x": 1,
            "y": 1
         },
         {
            "collapsed": false,
            "config": {
               "metricName": "",
               "metricType": {"metricType": "health"},
               "mode": {"mode": "self"},
               "paginationNumber": 15,
               "periodLength": "last6Hour",
               "refreshContent": {"refreshContent": true},
               "refreshInterval": 120,
               "selfProvider": {"selfProvider": false},
               "sortBy": "metricValue",
               "sortByDir": {"orderByDir": "asc"},
               "tagFilter": null,
               "title": "Availability Group Health"
            },
            "gridsterCoords": {
               "h": 4,
               "w": 2,
               "x": 1,
               "y": 6
            },
            "height": 134,
            "id": "d3f29c87-adc1-4607-9e4b-a480e16540d7",
            "title": "Availability Group Health",
            "type": "HealthChart",
            "x": 1,
            "y": 2
         },
         {
            "collapsed": false,
            "config": {
               "refreshContent": {"refreshContent": true},
               "refreshInterval": 120,
               "resInteractionMode": "MSSQL-Database-Default-Performance.xml",
               "resourceMetrics": [],
               "selfProvider": {"selfProvider": false},
               "title": "Database Disk Performance"
            },
            "gridsterCoords": {
               "h": 30,
               "w": 2,
               "x": 3,
               "y": 10
            },
            "height": 1070,
            "id": "fcd0da92-874d-477c-a255-ee1cc50e24fe",
            "states": [
               {
                  "key": "permDateRange1_permMetricChart_widget_5dc952c8-ea99-4a6d-b6b6-481f6c474273_fcd0da92-874d-477c-a255-ee1cc50e24fe",
                  "value": "s%3A%7B%22dateRange%22%3A%22last6Hour%22%2C%22dateFrom%22%3Anull%2C%22dateTo%22%3Anull%2C%22timeFrom%22%3Anull%2C%22timeTo%22%3Anull%7D"
               },
               {
                  "key": "permBtn_pan_permMetricChart_widget_5dc952c8-ea99-4a6d-b6b6-481f6c474273_fcd0da92-874d-477c-a255-ee1cc50e24fe",
                  "value": "b%3A0"
               },
               {
                  "key": "permBtn_zoomAllGraphs_permMetricChart_widget_5dc952c8-ea99-4a6d-b6b6-481f6c474273_fcd0da92-874d-477c-a255-ee1cc50e24fe",
                  "value": "b%3A0"
               },
               {
                  "key": "permMetricChart_widget_5dc952c8-ea99-4a6d-b6b6-481f6c474273_fcd0da92-874d-477c-a255-ee1cc50e24fe",
                  "value": "o%3A"
               },
               {
                  "key": "permDateRange1_metricChart_widget_5dc952c8-ea99-4a6d-b6b6-481f6c474273_fcd0da92-874d-477c-a255-ee1cc50e24fe",
                  "value": "s%3A%7B%22dateRange%22%3A%22last6Hour%22%2C%22dateFrom%22%3Anull%2C%22dateTo%22%3Anull%2C%22timeFrom%22%3Anull%2C%22timeTo%22%3Anull%7D"
               }
            ],
            "title": "Database Disk Performance",
            "type": "MetricChart",
            "x": 2,
            "y": 3
         },
         {
            "collapsed": false,
            "config": {
               "autoZoom": {"autoSize": false},
               "nodeSize": null,
               "refreshContent": {"refreshContent": true},
               "refreshInterval": 300,
               "resourceName": "",
               "selfProvider": {"selfProvider": false},
               "tagFilter": null,
               "title": "Object Relationship"
            },
            "gridsterCoords": {
               "h": 14,
               "w": 2,
               "x": 1,
               "y": 26
            },
            "height": 494,
            "id": "e7019100-24e0-4d97-bf07-b97ea7d29add",
            "states": [{
               "key": "permResourceRelationship_widget_5dc952c8-ea99-4a6d-b6b6-481f6c474273_e7019100-24e0-4d97-bf07-b97ea7d29add",
               "value": "o%3A"
            }],
            "title": "Object Relationship",
            "type": "ResourceRelationship",
            "x": 1,
            "y": 7
         },
         {
            "collapsed": false,
            "config": {
               "additionalColumns": [{
                  "boxLabel": "",
                  "metricKey": "badge|workload",
                  "metricName": "Badge|Workload",
                  "resourceKindId": "002006VMWAREVirtualMachine"
               }],
               "mode": {"mode": 1},
               "refreshContent": {"refreshContent": true},
               "refreshInterval": 300,
               "selectFirstRow": {"selectFirstRow": true},
               "tagFilter": {
                  "path": ["/source/kind/kind:resourceKind:id:1_::_"],
                  "value": {
                     "adapterInstance": [],
                     "adapterKind": [],
                     "bus": [],
                     "collector": [],
                     "day": [],
                     "exclaim": false,
                     "healthRange": [],
                     "kind": ["resourceKind:id:1_::_"],
                     "maintenanceSchedule": [],
                     "state": [],
                     "status": [],
                     "tag": [],
                     "tier": []
                  }
               },
               "title": "Virtual Machine Hosts"
            },
            "gridsterCoords": {
               "h": 5,
               "w": 2,
               "x": 5,
               "y": 1
            },
            "height": 170,
            "id": "2dadfc9e-4d03-4e9b-8eaa-092baa89c0c4",
            "states": [{
               "key": "permResGrid_widget_5dc952c8-ea99-4a6d-b6b6-481f6c474273_2dadfc9e-4d03-4e9b-8eaa-092baa89c0c4",
               "value": "o%3Acolumns%3Da%253Ao%25253Aid%25253Ds%2525253Ah1%25255Ehidden%25253Db%2525253A1%25255Ewidth%25253Dn%2525253A100%255Eo%25253Aid%25253Ds%2525253Ah15%25255Ehidden%25253Db%2525253A0%25255Ewidth%25253Dn%2525253A100%255Eo%25253Aid%25253Ds%2525253Ah2%25255Ehidden%25253Db%2525253A0%25255Ewidth%25253Dn%2525253A126%255Eo%25253Aid%25253Ds%2525253Ah3%25255Ehidden%25253Db%2525253A1%25255Ewidth%25253Dn%2525253A100%255Eo%25253Aid%25253Ds%2525253Ah4%25255Ehidden%25253Db%2525253A1%25255Ewidth%25253Dn%2525253A100%255Eo%25253Aid%25253Ds%2525253Ah5%25255Ehidden%25253Db%2525253A1%25255Ewidth%25253Dn%2525253A100%255Eo%25253Aid%25253Ds%2525253Ah6%25255Ehidden%25253Db%2525253A1%25255Ewidth%25253Dn%2525253A100%255Eo%25253Aid%25253Ds%2525253Ah7%25255Ehidden%25253Db%2525253A1%25255Ewidth%25253Dn%2525253A100%255Eo%25253Aid%25253Ds%2525253Ah8%25255Ehidden%25253Db%2525253A1%25255Ewidth%25253Dn%2525253A100%255Eo%25253Aid%25253Ds%2525253Ah9%25255Ehidden%25253Db%2525253A1%25255Ewidth%25253Dn%2525253A100%255Eo%25253Aid%25253Ds%2525253Ah10%25255Ehidden%25253Db%2525253A1%25255Ewidth%25253Dn%2525253A100%255Eo%25253Aid%25253Ds%2525253Ah11%25255Ehidden%25253Db%2525253A1%25255Ewidth%25253Dn%2525253A100%255Eo%25253Aid%25253Ds%2525253Ah12%25255Ehidden%25253Db%2525253A1%25255Ewidth%25253Dn%2525253A100%255Eo%25253Aid%25253Ds%2525253Ah13%25255Ehidden%25253Db%2525253A1%25255Ewidth%25253Dn%2525253A100%255Eo%25253Aid%25253Ds%2525253Ah14%25255Ehidden%25253Db%2525253A1%25255Ewidth%25253Dn%2525253A67%255Eo%25253Aid%25253Ds%2525253Ah16%25255Ehidden%25253Db%2525253A1%25255Ewidth%25253Dn%2525253A100%255Eo%25253Aid%25253Ds%2525253Ah17%25255Ehidden%25253Db%2525253A0%25255Ewidth%25253Dn%2525253A100%255Eo%25253Aid%25253Ds%2525253Ah18%25255Ehidden%25253Db%2525253A1%25255Ewidth%25253Dn%2525253A100%255Eo%25253Aid%25253Ds%2525253Ah19%25255Ehidden%25253Db%2525253A1%25255Ewidth%25253Dn%2525253A100%255Eo%25253Aid%25253Ds%2525253Ah20%25255Ehidden%25253Db%2525253A1%25255Ewidth%25253Dn%2525253A100%255Eo%25253Aid%25253Ds%2525253Ah21%25255Ehidden%25253Db%2525253A1%25255Ewidth%25253Dn%2525253A100%255Eo%25253Aid%25253Ds%2525253Ah22%25255Ehidden%25253Db%2525253A1%25255Ewidth%25253Dn%2525253A100%255Eo%25253Aid%25253Ds%2525253Ah23%25255Ehidden%25253Db%2525253A1%25255Ewidth%25253Dn%2525253A100%255Eo%25253Aid%25253Ds%2525253Ah24%25255Ehidden%25253Db%2525253A1%25255Ewidth%25253Dn%2525253A100%255Eo%25253Aid%25253Ds%2525253Ah25%25255Ehidden%25253Db%2525253A1%25255Ewidth%25253Dn%2525253A100%255Eo%25253Aid%25253Ds%2525253Ah26%25255Ehidden%25253Db%2525253A1%25255Ewidth%25253Dn%2525253A100%255Eo%25253Aid%25253Ds%2525253Ah27%25255Ehidden%25253Db%2525253A1%25255Ewidth%25253Dn%2525253A100%255Eo%25253Aid%25253Ds%2525253Ah28%25255Ehidden%25253Db%2525253A1%25255Ewidth%25253Dn%2525253A100%255Eo%25253Aid%25253Ds%2525253Ah29%25255Ehidden%25253Db%2525253A1%25255Ewidth%25253Dn%2525253A100%255Eo%25253Aid%25253Ds%2525253Ah30%25255Ehidden%25253Db%2525253A1%25255Ewidth%25253Dn%2525253A100%255Eo%25253Aid%25253Ds%2525253Ah31%25255Ehidden%25253Db%2525253A1%25255Ewidth%25253Dn%2525253A100%255Eo%25253Aid%25253Ds%2525253Ah32%25255Ehidden%25253Db%2525253A1%25255Ewidth%25253Dn%2525253A100%255Eo%25253Aid%25253Ds%2525253Ah33%25255Ehidden%25253Db%2525253A1%25255Ewidth%25253Dn%2525253A100%255Eo%25253Aid%25253Ds%2525253Ah34%25255Ehidden%25253Db%2525253A1%25255Ewidth%25253Dn%2525253A100%255Eo%25253Aid%25253Ds%2525253Ah35%25255Ehidden%25253Db%2525253A1%25255Ewidth%25253Dn%2525253A100%255Eo%25253Aid%25253Ds%2525253Ah36%25255Ehidden%25253Db%2525253A1%25255Ewidth%25253Dn%2525253A100%255Eo%25253Aid%25253Ds%2525253Ah37%25255Ehidden%25253Db%2525253A1%25255Ewidth%25253Dn%2525253A100%255Eo%25253Aid%25253Ds%2525253Ah38%25255Ehidden%25253Db%2525253A1%25255Ewidth%25253Dn%2525253A100%255Eo%25253Aid%25253Ds%2525253Ah39%25255Ehidden%25253Db%2525253A1%25255Ewidth%25253Dn%2525253A100%255Eo%25253Aid%25253Ds%2525253Ah40%25255Ehidden%25253Db%2525253A1%25255Ewidth%25253Dn%2525253A100%255Eo%25253Aid%25253Ds%2525253Ah41%25255Ehidden%25253Db%2525253A1%25255Ewidth%25253Dn%2525253A100%255Eo%25253Aid%25253Ds%2525253Ah42%25255Ehidden%25253Db%2525253A1%25255Ewidth%25253Dn%2525253A100%255Eo%25253Aid%25253Ds%2525253Ah43%25255Ehidden%25253Db%2525253A1%25255Ewidth%25253Dn%2525253A100%255Eo%25253Aid%25253Ds%2525253Ah44%25255Ehidden%25253Db%2525253A1%25255Ewidth%25253Dn%2525253A100%255Eo%25253Aid%25253Ds%2525253Ah45%25255Ehidden%25253Db%2525253A1%25255Ewidth%25253Dn%2525253A100%255Eo%25253Aid%25253Ds%2525253Ah46%25255Ehidden%25253Db%2525253A1%25255Ewidth%25253Dn%2525253A100%5EstoreState%3Do%253Asorters%253Da%25253Ao%2525253Aroot%2525253Ds%252525253Adata%2525255Eproperty%2525253Ds%252525253AresourceCollectionStatus%2525255Edirection%2525253Ds%252525253AASC"
            }],
            "title": "Virtual Machine Hosts",
            "type": "ResourceList",
            "x": 3,
            "y": 1
         },
         {
            "collapsed": false,
            "config": {
               "metricKey": "badge|workload",
               "metricName": "Workload (%)",
               "metricType": {"metricType": "custom"},
               "mode": {"mode": "self"},
               "paginationNumber": 15,
               "periodLength": "last6Hour",
               "refreshContent": {"refreshContent": true},
               "refreshInterval": 120,
               "resourceKindId": "resourceKind:id:2_::_",
               "selfProvider": {"selfProvider": false},
               "sortBy": "metricValue",
               "sortByDir": {"orderByDir": "asc"},
               "tagFilter": null,
               "title": "Database Workload"
            },
            "gridsterCoords": {
               "h": 4,
               "w": 2,
               "x": 3,
               "y": 6
            },
            "height": 134,
            "id": "bb2c72a6-1af7-4c5c-becf-fd806dae6546",
            "title": "Database Workload",
            "type": "HealthChart",
            "x": 2,
            "y": 2
         },
         {
            "collapsed": false,
            "config": {
               "additionalColumns": [],
               "mode": {"mode": -1},
               "refreshContent": {"refreshContent": true},
               "refreshInterval": 300,
               "selectFirstRow": {"selectFirstRow": true},
               "tagFilter": {
                  "path": ["/source/kind/kind:resourceKind:id:2_::_"],
                  "value": {
                     "adapterInstance": [],
                     "adapterKind": [],
                     "bus": [],
                     "collector": [],
                     "day": [],
                     "exclaim": false,
                     "healthRange": [],
                     "kind": ["resourceKind:id:2_::_"],
                     "maintenanceSchedule": [],
                     "state": [],
                     "status": [],
                     "tag": [],
                     "tier": []
                  }
               },
               "title": "Databases"
            },
            "gridsterCoords": {
               "h": 5,
               "w": 2,
               "x": 3,
               "y": 1
            },
            "height": 170,
            "id": "676eab67-a0fe-4e0f-a991-42f8739ffce6",
            "states": [{
               "key": "permResGrid_widget_5dc952c8-ea99-4a6d-b6b6-481f6c474273_676eab67-a0fe-4e0f-a991-42f8739ffce6",
               "value": "o%3Acolumns%3Da%253Ao%25253Aid%25253Ds%2525253Ah1%25255Ehidden%25253Db%2525253A1%25255Ewidth%25253Dn%2525253A100%255Eo%25253Aid%25253Ds%2525253Ah15%25255Ehidden%25253Db%2525253A0%25255Ewidth%25253Dn%2525253A100%255Eo%25253Aid%25253Ds%2525253Ah2%25255Ehidden%25253Db%2525253A0%25255Ewidth%25253Dn%2525253A257%255Eo%25253Aid%25253Ds%2525253Ah3%25255Ehidden%25253Db%2525253A1%25255Ewidth%25253Dn%2525253A100%255Eo%25253Aid%25253Ds%2525253Ah4%25255Ehidden%25253Db%2525253A1%25255Ewidth%25253Dn%2525253A100%255Eo%25253Aid%25253Ds%2525253Ah5%25255Ehidden%25253Db%2525253A1%25255Ewidth%25253Dn%2525253A100%255Eo%25253Aid%25253Ds%2525253Ah6%25255Ehidden%25253Db%2525253A1%25255Ewidth%25253Dn%2525253A100%255Eo%25253Aid%25253Ds%2525253Ah7%25255Ehidden%25253Db%2525253A1%25255Ewidth%25253Dn%2525253A100%255Eo%25253Aid%25253Ds%2525253Ah8%25255Ehidden%25253Db%2525253A1%25255Ewidth%25253Dn%2525253A100%255Eo%25253Aid%25253Ds%2525253Ah9%25255Ehidden%25253Db%2525253A1%25255Ewidth%25253Dn%2525253A100%255Eo%25253Aid%25253Ds%2525253Ah10%25255Ehidden%25253Db%2525253A1%25255Ewidth%25253Dn%2525253A100%255Eo%25253Aid%25253Ds%2525253Ah11%25255Ehidden%25253Db%2525253A1%25255Ewidth%25253Dn%2525253A100%255Eo%25253Aid%25253Ds%2525253Ah12%25255Ehidden%25253Db%2525253A1%25255Ewidth%25253Dn%2525253A100%255Eo%25253Aid%25253Ds%2525253Ah13%25255Ehidden%25253Db%2525253A1%25255Ewidth%25253Dn%2525253A100%255Eo%25253Aid%25253Ds%2525253Ah14%25255Ehidden%25253Db%2525253A1%25255Ewidth%25253Dn%2525253A65%255Eo%25253Aid%25253Ds%2525253Ah16%25255Ehidden%25253Db%2525253A1%25255Ewidth%25253Dn%2525253A100%255Eo%25253Aid%25253Ds%2525253Ah17%25255Ehidden%25253Db%2525253A1%25255Ewidth%25253Dn%2525253A100%255Eo%25253Aid%25253Ds%2525253Ah18%25255Ehidden%25253Db%2525253A1%25255Ewidth%25253Dn%2525253A100%255Eo%25253Aid%25253Ds%2525253Ah19%25255Ehidden%25253Db%2525253A1%25255Ewidth%25253Dn%2525253A100%255Eo%25253Aid%25253Ds%2525253Ah20%25255Ehidden%25253Db%2525253A1%25255Ewidth%25253Dn%2525253A100%255Eo%25253Aid%25253Ds%2525253Ah21%25255Ehidden%25253Db%2525253A1%25255Ewidth%25253Dn%2525253A100%255Eo%25253Aid%25253Ds%2525253Ah22%25255Ehidden%25253Db%2525253A1%25255Ewidth%25253Dn%2525253A100%255Eo%25253Aid%25253Ds%2525253Ah23%25255Ehidden%25253Db%2525253A1%25255Ewidth%25253Dn%2525253A100%255Eo%25253Aid%25253Ds%2525253Ah24%25255Ehidden%25253Db%2525253A1%25255Ewidth%25253Dn%2525253A100%255Eo%25253Aid%25253Ds%2525253Ah25%25255Ehidden%25253Db%2525253A1%25255Ewidth%25253Dn%2525253A100%255Eo%25253Aid%25253Ds%2525253Ah26%25255Ehidden%25253Db%2525253A1%25255Ewidth%25253Dn%2525253A100%255Eo%25253Aid%25253Ds%2525253Ah27%25255Ehidden%25253Db%2525253A1%25255Ewidth%25253Dn%2525253A100%255Eo%25253Aid%25253Ds%2525253Ah28%25255Ehidden%25253Db%2525253A1%25255Ewidth%25253Dn%2525253A100%255Eo%25253Aid%25253Ds%2525253Ah29%25255Ehidden%25253Db%2525253A1%25255Ewidth%25253Dn%2525253A100%255Eo%25253Aid%25253Ds%2525253Ah30%25255Ehidden%25253Db%2525253A1%25255Ewidth%25253Dn%2525253A100%255Eo%25253Aid%25253Ds%2525253Ah31%25255Ehidden%25253Db%2525253A1%25255Ewidth%25253Dn%2525253A100%255Eo%25253Aid%25253Ds%2525253Ah32%25255Ehidden%25253Db%2525253A1%25255Ewidth%25253Dn%2525253A100%255Eo%25253Aid%25253Ds%2525253Ah33%25255Ehidden%25253Db%2525253A1%25255Ewidth%25253Dn%2525253A100%255Eo%25253Aid%25253Ds%2525253Ah34%25255Ehidden%25253Db%2525253A1%25255Ewidth%25253Dn%2525253A100%255Eo%25253Aid%25253Ds%2525253Ah35%25255Ehidden%25253Db%2525253A1%25255Ewidth%25253Dn%2525253A100%255Eo%25253Aid%25253Ds%2525253Ah36%25255Ehidden%25253Db%2525253A1%25255Ewidth%25253Dn%2525253A100%255Eo%25253Aid%25253Ds%2525253Ah37%25255Ehidden%25253Db%2525253A1%25255Ewidth%25253Dn%2525253A100%255Eo%25253Aid%25253Ds%2525253Ah38%25255Ehidden%25253Db%2525253A1%25255Ewidth%25253Dn%2525253A100%255Eo%25253Aid%25253Ds%2525253Ah39%25255Ehidden%25253Db%2525253A1%25255Ewidth%25253Dn%2525253A100%255Eo%25253Aid%25253Ds%2525253Ah40%25255Ehidden%25253Db%2525253A1%25255Ewidth%25253Dn%2525253A100%255Eo%25253Aid%25253Ds%2525253Ah41%25255Ehidden%25253Db%2525253A1%25255Ewidth%25253Dn%2525253A100%255Eo%25253Aid%25253Ds%2525253Ah42%25255Ehidden%25253Db%2525253A1%25255Ewidth%25253Dn%2525253A100%255Eo%25253Aid%25253Ds%2525253Ah43%25255Ehidden%25253Db%2525253A1%25255Ewidth%25253Dn%2525253A100%255Eo%25253Aid%25253Ds%2525253Ah44%25255Ehidden%25253Db%2525253A1%25255Ewidth%25253Dn%2525253A100%255Eo%25253Aid%25253Ds%2525253Ah45%25255Ehidden%25253Db%2525253A1%25255Ewidth%25253Dn%2525253A100%255Eo%25253Aid%25253Ds%2525253Ah46%25255Ehidden%25253Db%2525253A1%25255Ewidth%25253Dn%2525253A100"
            }],
            "title": "Databases",
            "type": "ResourceList",
            "x": 2,
            "y": 1
         },
         {
            "collapsed": false,
            "config": {
               "metricKey": "badge|workload",
               "metricName": "Workload (%)",
               "metricType": {"metricType": "custom"},
               "mode": {"mode": "self"},
               "paginationNumber": 15,
               "periodLength": "last6Hour",
               "refreshContent": {"refreshContent": true},
               "refreshInterval": 120,
               "resourceKindId": "resourceKind:id:1_::_",
               "selfProvider": {"selfProvider": false},
               "sortBy": "metricValue",
               "sortByDir": {"orderByDir": "asc"},
               "tagFilter": null,
               "title": "VM Workload"
            },
            "gridsterCoords": {
               "h": 4,
               "w": 2,
               "x": 5,
               "y": 6
            },
            "height": 134,
            "id": "93eed91c-afe9-43a4-b464-00b4e10453cb",
            "title": "VM Workload",
            "type": "HealthChart",
            "x": 3,
            "y": 2
         },
         {
            "collapsed": false,
            "config": {
               "metric": {
                  "mode": "resource",
                  "resourceKindMetrics": [],
                  "resourceMetrics": []
               },
               "refreshContent": {"refreshContent": true},
               "refreshInterval": 300,
               "resInteractionMode": "MSSQL-AO-Group-Properties.xml",
               "selfProvider": {"selfProvider": false},
               "title": "Availability Group Properties"
            },
            "gridsterCoords": {
               "h": 6,
               "w": 2,
               "x": 1,
               "y": 20
            },
            "height": 206,
            "id": "e7301293-03b8-4735-b4f4-67e279012caa",
            "title": "Availability Group Properties",
            "type": "PropertyList",
            "x": 1,
            "y": 5
         },
         {
            "collapsed": false,
            "config": {
               "alertImpact": [],
               "criticalityLevel": [],
               "mode": "resource",
               "periodLength": null,
               "refreshContent": {"refreshContent": true},
               "refreshInterval": 300,
               "state": [],
               "status": [0],
               "tagFilter": null,
               "title": "Alert List",
               "type": []
            },
            "gridsterCoords": {
               "h": 10,
               "w": 2,
               "x": 1,
               "y": 10
            },
            "height": 350,
            "id": "54b7ecfe-0a20-442a-8c37-a9a756d603bf",
            "states": [
               {
                  "key": "permDateFilter_permAlertGrid_widget_5dc952c8-ea99-4a6d-b6b6-481f6c474273_54b7ecfe-0a20-442a-8c37-a9a756d603bf",
                  "value": "s%3A%7B%22dateRange%22%3A%22last30Days%22%2C%22dateFrom%22%3Anull%2C%22dateTo%22%3Anull%2C%22timeFrom%22%3Anull%2C%22timeTo%22%3Anull%7D"
               },
               {
                  "key": "permAlertGrid_widget_5dc952c8-ea99-4a6d-b6b6-481f6c474273_54b7ecfe-0a20-442a-8c37-a9a756d603bf",
                  "value": "o%3Acolumns%3Da%253Ao%25253Aid%25253Ds%2525253Ah1%25255Ehidden%25253Db%2525253A1%25255Ewidth%25253Dn%2525253A100%255Eo%25253Aid%25253Ds%2525253Ah2%25255Ewidth%25253Dn%2525253A100%255Eo%25253Aid%25253Ds%2525253Ah3%25255Ewidth%25253Dn%2525253A100%255Eo%25253Aid%25253Ds%2525253Ah4%25255Ewidth%25253Dn%2525253A134%255Eo%25253Aid%25253Ds%2525253Ah5%25255Ewidth%25253Dn%2525253A316%255Eo%25253Aid%25253Ds%2525253Ah6%25255Ewidth%25253Dn%2525253A100%255Eo%25253Aid%25253Ds%2525253Ah7%25255Ewidth%25253Dn%2525253A100%255Eo%25253Aid%25253Ds%2525253Ah8%25255Ewidth%25253Dn%2525253A100%255Eo%25253Aid%25253Ds%2525253Ah9%25255Ewidth%25253Dn%2525253A100%255Eo%25253Aid%25253Ds%2525253Ah10%25255Ewidth%25253Dn%2525253A100%255Eo%25253Aid%25253Ds%2525253Ah11%25255Ewidth%25253Dn%2525253A100%255Eo%25253Aid%25253Ds%2525253Ah12%25255Ewidth%25253Dn%2525253A100%255Eo%25253Aid%25253Ds%2525253Ah13%25255Ewidth%25253Dn%2525253A100%255Eo%25253Aid%25253Ds%2525253Ah14%25255Ewidth%25253Dn%2525253A100%255Eo%25253Aid%25253Ds%2525253Ah15%25255Ewidth%25253Dn%2525253A100%255Eo%25253Aid%25253Ds%2525253Ah16%25255Ehidden%25253Db%2525253A1%25255Ewidth%25253Dn%2525253A100%255Eo%25253Aid%25253Ds%2525253Ah17%25255Ehidden%25253Db%2525253A1%25255Ewidth%25253Dn%2525253A100%255Eo%25253Aid%25253Ds%2525253Ah18%25255Ehidden%25253Db%2525253A1%25255Ewidth%25253Dn%2525253A100%5EstoreState%3Do%253Asorters%253Da%25253Ao%2525253Aroot%2525253Ds%252525253Adata%2525255Eproperty%2525253Ds%252525253AcriticalityLevel%2525255Edirection%2525253Ds%252525253ADESC"
               }
            ],
            "title": "Alert List",
            "type": "AlertList",
            "x": 1,
            "y": 6
         }
      ]
   }],
   "entries": {"resourceKind": [
      {
         "adapterKindKey": "VMWARE",
         "internalId": "resourceKind:id:1_::_",
         "resourceKindKey": "VirtualMachine"
      },
      {
         "adapterKindKey": "SqlServerAdapter",
         "internalId": "resourceKind:id:0_::_",
         "resourceKindKey": "SqlAvailabilityGroup"
      },
      {
         "adapterKindKey": "SqlServerAdapter",
         "internalId": "resourceKind:id:2_::_",
         "resourceKindKey": "SqlDatabase"
      }
   ]},
   "uuid": "1df7f61b-fd81-483e-8886-5d410b95a696"
}
