{
   "localization": {"group": {
      "de": [
         {
            "value": "vSphere-Dashboards",
            "key": "vSphere Dashboards"
         },
         {
            "value": "vSphere-Konfiguration",
            "key": "vSphere Configuration"
         }
      ],
      "ko": [
         {
            "value": "vSphere 대시보드",
            "key": "vSphere Dashboards"
         },
         {
            "value": "vSphere 구성",
            "key": "vSphere Configuration"
         }
      ],
      "zh-TW": [
         {
            "value": "vSphere 儀表板",
            "key": "vSphere Dashboards"
         },
         {
            "value": "vSphere 組態",
            "key": "vSphere Configuration"
         }
      ],
      "ja": [
         {
            "value": "vSphere ダッシュボード",
            "key": "vSphere Dashboards"
         },
         {
            "value": "vSphere の構成",
            "key": "vSphere Configuration"
         }
      ],
      "en": [
         {
            "value": "vSphere Dashboards",
            "key": "vSphere Dashboards"
         },
         {
            "value": "vSphere Configuration",
            "key": "vSphere Configuration"
         }
      ],
      "fr": [
         {
            "value": "Tableaux de bord vSphere",
            "key": "vSphere Dashboards"
         },
         {
            "value": "configuration vSphere",
            "key": "vSphere Configuration"
         }
      ],
      "zh-CN": [
         {
            "value": "vSphere 仪表板",
            "key": "vSphere Dashboards"
         },
         {
            "value": "vSphere 配置",
            "key": "vSphere Configuration"
         }
      ]
   }},
   "entries": {"resourceKind": [
      {
         "resourceKindKey": "SqlAvailabilityGroup",
         "internalId": "resourceKind:id:1_::_",
         "adapterKindKey": "SqlServerAdapter"
      },
      {
         "resourceKindKey": "SqlServer",
         "internalId": "resourceKind:id:0_::_",
         "adapterKindKey": "SqlServerAdapter"
      },
      {
         "resourceKindKey": "SqlDatabase",
         "internalId": "resourceKind:id:2_::_",
         "adapterKindKey": "SqlServerAdapter"
      }
   ]},
   "dashboards": [{
      "shared": true,
      "temporary": false,
      "name": "Microsoft SQL Server/Microsoft SQL Server Overview",
      "namePath": "Microsoft SQL Server",
      "creationTime": 1477073018093,
      "autoswitchEnabled": false,
      "importAttempts": 1,
      "columnProportion": "0.5-0.5",
      "importComplete": true,
      "columnCount": 2,
      "widgets": [
         {
            "collapsed": false,
            "x": 1,
            "y": 1,
            "id": "a14bbea0-ca2d-4e63-b12d-df84181e5f8c",
            "type": "Heatmap",
            "title": "SQL Server Instances",
            "config": {
               "configs": [
                  {
                     "mode": {"mode": false},
                     "resourceKind": "resourceKind:id:0_::_",
                     "tagFilter": null,
                     "colorBy": {
                        "metricKey": "badge|health",
                        "value": "Badge|Health"
                     },
                     "color": {
                        "middleColor": "FFFF00",
                        "minValue": "0",
                        "endColor": "00FF00",
                        "maxValue": "100",
                        "startColor": "FF0000"
                     },
                     "sizeBy": {
                        "metricKey": null,
                        "value": ""
                     },
                     "relationalGrouping": false,
                     "name": "Health",
                     "groupBy": {
                        "originalText": "",
                        "typeId": null,
                        "id": "012resourceKindnull",
                        "text": "Object Type",
                        "type": "resourceKind",
                        "parentText": "",
                        "parentId": "otherTypes"
                     },
                     "attributeKind": {"value": ""},
                     "thenBy": null
                  },
                  {
                     "mode": {"mode": false},
                     "resourceKind": "resourceKind:id:0_::_",
                     "tagFilter": null,
                     "colorBy": {
                        "metricKey": "badge|workload",
                        "value": "Badge|Workload"
                     },
                     "color": {
                        "middleColor": "FFFF00",
                        "minValue": "0",
                        "endColor": "FF0000",
                        "maxValue": "100",
                        "startColor": "00FF00"
                     },
                     "sizeBy": {
                        "metricKey": null,
                        "value": ""
                     },
                     "relationalGrouping": false,
                     "name": "Workload",
                     "groupBy": {
                        "originalText": "",
                        "typeId": null,
                        "id": "012resourceKindnull",
                        "text": "Object Type",
                        "type": "resourceKind",
                        "parentText": "",
                        "parentId": "otherTypes"
                     },
                     "id": "extModel2739-2",
                     "attributeKind": {"value": ""},
                     "thenBy": null
                  }
               ],
               "refreshInterval": 300,
               "refreshContent": {"refreshContent": true},
               "title": "SQL Server Instances",
               "value": 0
            },
            "height": 347
         },
         {
            "collapsed": false,
            "x": 1,
            "y": 2,
            "id": "84573eab-e6dc-40c4-b5a4-0e39e21a9003",
            "type": "Heatmap",
            "title": "Availability Groups",
            "config": {
               "configs": [{
                  "mode": {"mode": false},
                  "resourceKind": "resourceKind:id:1_::_",
                  "tagFilter": null,
                  "colorBy": {
                     "metricKey": "badge|health",
                     "value": "Badge|Health"
                  },
                  "color": {
                     "middleColor": "FFFF00",
                     "minValue": "0",
                     "endColor": "00FF00",
                     "maxValue": "100",
                     "startColor": "FF0000"
                  },
                  "sizeBy": {
                     "metricKey": null,
                     "value": ""
                  },
                  "relationalGrouping": false,
                  "name": "Health",
                  "groupBy": {
                     "originalText": "",
                     "typeId": null,
                     "id": "012resourceKindnull",
                     "text": "Object Type",
                     "type": "resourceKind",
                     "parentText": "",
                     "parentId": "otherTypes"
                  },
                  "attributeKind": {"value": ""},
                  "thenBy": null
               }],
               "refreshInterval": 300,
               "refreshContent": {"refreshContent": true},
               "title": "Availability Groups",
               "value": 0
            },
            "height": 300
         },
         {
            "collapsed": false,
            "x": 2,
            "y": 1,
            "id": "58de6ec5-aeb5-474b-ae77-7f4d5adcc66d",
            "type": "Heatmap",
            "title": "Databases",
            "config": {
               "configs": [
                  {
                     "mode": {"mode": false},
                     "resourceKind": "resourceKind:id:2_::_",
                     "tagFilter": null,
                     "colorBy": {
                        "metricKey": "badge|health",
                        "value": "Badge|Health"
                     },
                     "color": {
                        "middleColor": "FFFF00",
                        "minValue": "0",
                        "endColor": "00FF00",
                        "maxValue": "100",
                        "startColor": "FF0000"
                     },
                     "sizeBy": {
                        "metricKey": null,
                        "value": ""
                     },
                     "relationalGrouping": false,
                     "name": "Health by Server",
                     "groupBy": {
                        "originalText": "",
                        "typeId": "resourceKind:id:0_::_",
                        "id": "004null002016SqlServerAdapterSqlServer",
                        "text": "SQL Server",
                        "type": "resourceKind",
                        "parentText": "Microsoft SQL Server",
                        "parentId": "SqlServerAdapter"
                     },
                     "id": "extModel26191-1",
                     "attributeKind": {"value": ""},
                     "thenBy": null
                  },
                  {
                     "mode": {"mode": false},
                     "resourceKind": "resourceKind:id:2_::_",
                     "tagFilter": null,
                     "colorBy": {
                        "metricKey": "badge|health",
                        "value": "Badge|Health"
                     },
                     "color": {
                        "middleColor": "FFFF00",
                        "minValue": "0",
                        "endColor": "00FF00",
                        "maxValue": "100",
                        "startColor": "FF0000"
                     },
                     "sizeBy": {
                        "metricKey": null,
                        "value": ""
                     },
                     "relationalGrouping": false,
                     "name": "Health by Availability Group",
                     "groupBy": {
                        "originalText": "",
                        "typeId": "resourceKind:id:1_::_",
                        "id": "004null002016SqlServerAdapterSqlAvailabilityGroup",
                        "text": "SQL Server Always On Availability Group",
                        "type": "resourceKind",
                        "parentText": "Microsoft SQL Server",
                        "parentId": "SqlServerAdapter"
                     },
                     "attributeKind": {"value": ""},
                     "thenBy": null
                  }
               ],
               "refreshInterval": 300,
               "refreshContent": {"refreshContent": true},
               "title": "Databases",
               "value": 1
            },
            "height": 654
         }
      ],
      "userId": "b1fd31ef-9ede-42d0-9e3f-d4cee995cbf9",
      "isDefault": false,
      "rank": 22,
      "disabled": false,
      "id": "31f2287c-e3ff-412d-a424-ac09b714057e",
      "locked": false,
      "widgetInteractions": []
   }],
   "uuid": "17bd8de7-5c12-4fa7-b820-17d84f96da6a"
}
