{
   "dashboards": [{
      "autoswitchEnabled": false,
      "columnCount": 2,
      "columnProportion": "0.5-0.5",
      "creationTime": 1519397419179,
      "disabled": false,
      "id": "8d23c5e1-fdd5-4956-86c8-bd93341aaf1e",
      "importAttempts": 0,
      "importComplete": true,
      "isDefault": false,
      "locked": false,
      "name": "Microsoft SQL Server/Microsoft SQL Server Database",
      "namePath": "Microsoft SQL Server",
      "rank": 27,
      "shared": true,
      "temporary": false,
      "userId": "f57a3d2d-89f4-4612-82d5-1c3da1edf265",
      "widgetInteractions": [
         {
            "type": "resourceId",
            "widgetIdProvider": "f49578c3-100d-4e02-980e-8b85f30fb31c",
            "widgetIdReceiver": "c1d6810a-0c6c-4ba8-a366-f578724d0172"
         },
         {
            "type": "resourceId",
            "widgetIdProvider": "c1d6810a-0c6c-4ba8-a366-f578724d0172",
            "widgetIdReceiver": "c244f03a-72e4-4b88-9185-f3cdc607c822"
         },
         {
            "type": "resourceId",
            "widgetIdProvider": "c1d6810a-0c6c-4ba8-a366-f578724d0172",
            "widgetIdReceiver": "8dfd5091-4184-4874-b202-b9b8f8b1f1c7"
         },
         {
            "type": "resourceId",
            "widgetIdProvider": "c1d6810a-0c6c-4ba8-a366-f578724d0172",
            "widgetIdReceiver": "d395bd79-2a09-4a8f-9d01-00f3987739fe"
         },
         {
            "type": "resourceId",
            "widgetIdProvider": "c1d6810a-0c6c-4ba8-a366-f578724d0172",
            "widgetIdReceiver": "1f63e6a4-b6ec-473e-917a-5ba0bf6d0a2f"
         },
         {
            "type": "resourceId",
            "widgetIdProvider": "c1d6810a-0c6c-4ba8-a366-f578724d0172",
            "widgetIdReceiver": "11c8c42c-e3aa-4e67-9d65-795b757f18ff"
         },
         {
            "type": "resourceId",
            "widgetIdProvider": "c1d6810a-0c6c-4ba8-a366-f578724d0172",
            "widgetIdReceiver": "318075fe-65e8-452a-b5a0-e75da28dd6cb"
         },
         {
            "type": "resourceId",
            "widgetIdProvider": "c1d6810a-0c6c-4ba8-a366-f578724d0172",
            "widgetIdReceiver": "9bea2767-00e0-40a4-baab-880cd2d2d958"
         },
         {
            "type": "resourceId",
            "widgetIdProvider": "c1d6810a-0c6c-4ba8-a366-f578724d0172",
            "widgetIdReceiver": "155468e3-da9d-4a14-93aa-f29aabc01896"
         }
      ],
      "widgets": [
         {
            "collapsed": false,
            "config": {
               "additionalColumns": [
                  {
                     "boxLabel": "Total Throughput (Bps)",
                     "metricKey": "disk_access|total_bytes",
                     "metricName": "Disk Access|Total bytes",
                     "resourceKindId": "002016SqlServerAdapterSqlDatabase"
                  },
                  {
                     "boxLabel": "Write Delay (ms/s)",
                     "metricKey": "disk_access|write_delay",
                     "metricName": "Write Delay (ms/s)",
                     "resourceKindId": "002016SqlServerAdapterSqlDatabase"
                  },
                  {
                     "boxLabel": "Read Delay (ms/s)",
                     "metricKey": "disk_access|read_delay",
                     "metricName": "Read Delay (ms/s)",
                     "resourceKindId": "002016SqlServerAdapterSqlDatabase"
                  }
               ],
               "mode": {"mode": -1},
               "refreshContent": {"refreshContent": true},
               "refreshInterval": 300,
               "selectFirstRow": {"selectFirstRow": true},
               "tagFilter": {
                  "path": ["/source/kind/kind:resourceKind:id:0_::_"],
                  "value": {
                     "adapterInstance": [],
                     "adapterKind": [],
                     "bus": [],
                     "collector": [],
                     "day": [],
                     "exclaim": false,
                     "healthRange": [],
                     "kind": ["resourceKind:id:0_::_"],
                     "maintenanceSchedule": [],
                     "state": [],
                     "status": [],
                     "tag": [],
                     "tier": []
                  }
               },
               "title": "Databases"
            },
            "gridsterCoords": {
               "h": 7,
               "w": 3,
               "x": 1,
               "y": 8
            },
            "height": 242,
            "id": "c1d6810a-0c6c-4ba8-a366-f578724d0172",
            "states": [{
               "key": "permResGrid_widget_8d23c5e1-fdd5-4956-86c8-bd93341aaf1e_c1d6810a-0c6c-4ba8-a366-f578724d0172",
               "value": "o%3Acolumns%3Da%253Ao%25253Aid%25253Ds%2525253Ah1%25255Ehidden%25253Db%2525253A1%25255Ewidth%25253Dn%2525253A100%255Eo%25253Aid%25253Ds%2525253Ah15%25255Ehidden%25253Db%2525253A0%25255Ewidth%25253Dn%2525253A100%255Eo%25253Aid%25253Ds%2525253Ah2%25255Ehidden%25253Db%2525253A0%25255Ewidth%25253Dn%2525253A257%255Eo%25253Aid%25253Ds%2525253Ah3%25255Ehidden%25253Db%2525253A1%25255Ewidth%25253Dn%2525253A100%255Eo%25253Aid%25253Ds%2525253Ah4%25255Ehidden%25253Db%2525253A1%25255Ewidth%25253Dn%2525253A100%255Eo%25253Aid%25253Ds%2525253Ah5%25255Ehidden%25253Db%2525253A1%25255Ewidth%25253Dn%2525253A100%255Eo%25253Aid%25253Ds%2525253Ah6%25255Ehidden%25253Db%2525253A1%25255Ewidth%25253Dn%2525253A100%255Eo%25253Aid%25253Ds%2525253Ah7%25255Ehidden%25253Db%2525253A1%25255Ewidth%25253Dn%2525253A100%255Eo%25253Aid%25253Ds%2525253Ah8%25255Ehidden%25253Db%2525253A1%25255Ewidth%25253Dn%2525253A100%255Eo%25253Aid%25253Ds%2525253Ah9%25255Ehidden%25253Db%2525253A1%25255Ewidth%25253Dn%2525253A100%255Eo%25253Aid%25253Ds%2525253Ah10%25255Ehidden%25253Db%2525253A1%25255Ewidth%25253Dn%2525253A100%255Eo%25253Aid%25253Ds%2525253Ah11%25255Ehidden%25253Db%2525253A1%25255Ewidth%25253Dn%2525253A100%255Eo%25253Aid%25253Ds%2525253Ah12%25255Ehidden%25253Db%2525253A1%25255Ewidth%25253Dn%2525253A100%255Eo%25253Aid%25253Ds%2525253Ah13%25255Ehidden%25253Db%2525253A1%25255Ewidth%25253Dn%2525253A100%255Eo%25253Aid%25253Ds%2525253Ah14%25255Ehidden%25253Db%2525253A1%25255Ewidth%25253Dn%2525253A100%255Eo%25253Aid%25253Ds%2525253Ah16%25255Ehidden%25253Db%2525253A1%25255Ewidth%25253Dn%2525253A100%255Eo%25253Aid%25253Ds%2525253Ah17%25255Ehidden%25253Db%2525253A0%25255Ewidth%25253Dn%2525253A125%255Eo%25253Aid%25253Ds%2525253Ah18%25255Ehidden%25253Db%2525253A0%25255Ewidth%25253Dn%2525253A125%255Eo%25253Aid%25253Ds%2525253Ah19%25255Ehidden%25253Db%2525253A0%25255Ewidth%25253Dn%2525253A125%255Eo%25253Aid%25253Ds%2525253Ah20%25255Ehidden%25253Db%2525253A1%25255Ewidth%25253Dn%2525253A100%255Eo%25253Aid%25253Ds%2525253Ah21%25255Ehidden%25253Db%2525253A1%25255Ewidth%25253Dn%2525253A100%255Eo%25253Aid%25253Ds%2525253Ah22%25255Ehidden%25253Db%2525253A1%25255Ewidth%25253Dn%2525253A100%255Eo%25253Aid%25253Ds%2525253Ah23%25255Ehidden%25253Db%2525253A1%25255Ewidth%25253Dn%2525253A100%255Eo%25253Aid%25253Ds%2525253Ah24%25255Ehidden%25253Db%2525253A1%25255Ewidth%25253Dn%2525253A100%255Eo%25253Aid%25253Ds%2525253Ah25%25255Ehidden%25253Db%2525253A1%25255Ewidth%25253Dn%2525253A100%255Eo%25253Aid%25253Ds%2525253Ah26%25255Ehidden%25253Db%2525253A1%25255Ewidth%25253Dn%2525253A100%255Eo%25253Aid%25253Ds%2525253Ah27%25255Ehidden%25253Db%2525253A1%25255Ewidth%25253Dn%2525253A100%255Eo%25253Aid%25253Ds%2525253Ah28%25255Ehidden%25253Db%2525253A1%25255Ewidth%25253Dn%2525253A100%255Eo%25253Aid%25253Ds%2525253Ah29%25255Ehidden%25253Db%2525253A1%25255Ewidth%25253Dn%2525253A100%255Eo%25253Aid%25253Ds%2525253Ah30%25255Ehidden%25253Db%2525253A1%25255Ewidth%25253Dn%2525253A100%255Eo%25253Aid%25253Ds%2525253Ah31%25255Ehidden%25253Db%2525253A1%25255Ewidth%25253Dn%2525253A100%255Eo%25253Aid%25253Ds%2525253Ah32%25255Ehidden%25253Db%2525253A1%25255Ewidth%25253Dn%2525253A100%255Eo%25253Aid%25253Ds%2525253Ah33%25255Ehidden%25253Db%2525253A1%25255Ewidth%25253Dn%2525253A100%255Eo%25253Aid%25253Ds%2525253Ah34%25255Ehidden%25253Db%2525253A1%25255Ewidth%25253Dn%2525253A100%255Eo%25253Aid%25253Ds%2525253Ah35%25255Ehidden%25253Db%2525253A1%25255Ewidth%25253Dn%2525253A100%255Eo%25253Aid%25253Ds%2525253Ah36%25255Ehidden%25253Db%2525253A1%25255Ewidth%25253Dn%2525253A100%255Eo%25253Aid%25253Ds%2525253Ah37%25255Ehidden%25253Db%2525253A1%25255Ewidth%25253Dn%2525253A100%255Eo%25253Aid%25253Ds%2525253Ah38%25255Ehidden%25253Db%2525253A1%25255Ewidth%25253Dn%2525253A100%255Eo%25253Aid%25253Ds%2525253Ah39%25255Ehidden%25253Db%2525253A1%25255Ewidth%25253Dn%2525253A100%255Eo%25253Aid%25253Ds%2525253Ah40%25255Ehidden%25253Db%2525253A1%25255Ewidth%25253Dn%2525253A100%255Eo%25253Aid%25253Ds%2525253Ah41%25255Ehidden%25253Db%2525253A1%25255Ewidth%25253Dn%2525253A100%255Eo%25253Aid%25253Ds%2525253Ah42%25255Ehidden%25253Db%2525253A1%25255Ewidth%25253Dn%2525253A100%255Eo%25253Aid%25253Ds%2525253Ah43%25255Ehidden%25253Db%2525253A1%25255Ewidth%25253Dn%2525253A100%255Eo%25253Aid%25253Ds%2525253Ah44%25255Ehidden%25253Db%2525253A1%25255Ewidth%25253Dn%2525253A100%255Eo%25253Aid%25253Ds%2525253Ah45%25255Ehidden%25253Db%2525253A1%25255Ewidth%25253Dn%2525253A100%255Eo%25253Aid%25253Ds%2525253Ah46%25255Ehidden%25253Db%2525253A1%25255Ewidth%25253Dn%2525253A100%5EstoreState%3Do%253Asorters%253Da%25253Ao%2525253Aroot%2525253Ds%252525253Adata%2525255Eproperty%2525253Ds%252525253AmetricValue_%252525253A%252525253A_size%252525257Crow_size_mb%2525255Edirection%2525253Ds%252525253ADESC"
            }],
            "title": "Databases",
            "type": "ResourceList",
            "x": 1,
            "y": 2
         },
         {
            "collapsed": false,
            "config": {
               "boxColumns": 2,
               "boxHeight": 0,
               "labelSize": 12,
               "metric": {
                  "mode": "resource",
                  "resourceKindMetrics": [],
                  "resourceMetrics": []
               },
               "mode": {"layoutMode": "fixedView"},
               "periodLength": "last24Hour",
               "refreshContent": {"refreshContent": true},
               "refreshInterval": 120,
               "resInteractionMode": "MSSQL-Database-Capacity.xml",
               "roundDecimals": 2,
               "selfProvider": {"selfProvider": false},
               "showMetricUnit": {"showMetricUnit": true},
               "showResourceName": {"showResourceName": false},
               "showSparkline": {"showSparkline": true},
               "title": "Database Capacity",
               "valueSize": 24,
               "visualTheme": {"visualTheme": true}
            },
            "gridsterCoords": {
               "h": 5,
               "w": 3,
               "x": 1,
               "y": 15
            },
            "height": 170,
            "id": "c244f03a-72e4-4b88-9185-f3cdc607c822",
            "title": "Database Capacity",
            "type": "Scoreboard",
            "x": 1,
            "y": 5
         },
         {
            "collapsed": false,
            "config": {
               "refreshContent": {"refreshContent": false},
               "refreshInterval": 120,
               "resInteractionMode": "MSSQL-Database-Default-Performance.xml",
               "resourceMetrics": [],
               "selfProvider": {"selfProvider": false},
               "title": "Database Disk Operations"
            },
            "gridsterCoords": {
               "h": 23,
               "w": 3,
               "x": 1,
               "y": 26
            },
            "height": 818,
            "id": "8dfd5091-4184-4874-b202-b9b8f8b1f1c7",
            "states": [
               {
                  "key": "permDateRange1_metricChart_widget_8d23c5e1-fdd5-4956-86c8-bd93341aaf1e_8dfd5091-4184-4874-b202-b9b8f8b1f1c7",
                  "value": "s%3A%7B%22dateRange%22%3A%22last6Hour%22%2C%22dateFrom%22%3Anull%2C%22dateTo%22%3Anull%2C%22timeFrom%22%3Anull%2C%22timeTo%22%3Anull%7D"
               },
               {
                  "key": "permBtn_pan_permMetricChart_widget_8d23c5e1-fdd5-4956-86c8-bd93341aaf1e_8dfd5091-4184-4874-b202-b9b8f8b1f1c7",
                  "value": "b%3A0"
               },
               {
                  "key": "permDateRange1_permMetricChart_widget_8d23c5e1-fdd5-4956-86c8-bd93341aaf1e_8dfd5091-4184-4874-b202-b9b8f8b1f1c7",
                  "value": "s%3A%7B%22dateRange%22%3A%22last6Hour%22%2C%22dateFrom%22%3Anull%2C%22dateTo%22%3Anull%2C%22timeFrom%22%3Anull%2C%22timeTo%22%3Anull%7D"
               },
               {
                  "key": "permMetricChart_widget_8d23c5e1-fdd5-4956-86c8-bd93341aaf1e_8dfd5091-4184-4874-b202-b9b8f8b1f1c7",
                  "value": "o%3A"
               },
               {
                  "key": "permBtn_zoomAllGraphs_permMetricChart_widget_8d23c5e1-fdd5-4956-86c8-bd93341aaf1e_8dfd5091-4184-4874-b202-b9b8f8b1f1c7",
                  "value": "b%3A0"
               }
            ],
            "title": "Database Disk Operations",
            "type": "MetricChart",
            "x": 2,
            "y": 3
         },
         {
            "collapsed": false,
            "config": {
               "additionalColumns": [
                  {
                     "boxLabel": "Health (%)",
                     "metricKey": "badge|health",
                     "metricName": "Badge|Health",
                     "resourceKindId": "002016SqlServerAdapterSqlServer"
                  },
                  {
                     "boxLabel": "Workload (%)",
                     "metricKey": "badge|workload",
                     "metricName": "Badge|Workload",
                     "resourceKindId": "002016SqlServerAdapterSqlServer"
                  },
                  {
                     "boxLabel": "Buffer Cache Hit Ratio",
                     "metricKey": "buffer|buffer_cache_hit_ratio",
                     "metricName": "Buffer|Buffer Cache Hit Ratio",
                     "resourceKindId": "002016SqlServerAdapterSqlServer"
                  }
               ],
               "mode": {"mode": 0},
               "refreshContent": {"refreshContent": true},
               "refreshInterval": 300,
               "selectFirstRow": {"selectFirstRow": false},
               "tagFilter": {
                  "path": ["/source/kind/kind:resourceKind:id:1_::_"],
                  "value": {
                     "adapterInstance": [],
                     "adapterKind": [],
                     "bus": [],
                     "collector": [],
                     "day": [],
                     "exclaim": false,
                     "healthRange": [],
                     "kind": ["resourceKind:id:1_::_"],
                     "maintenanceSchedule": [],
                     "state": [],
                     "status": [],
                     "tag": [],
                     "tier": []
                  }
               },
               "title": "SQL Server Instances"
            },
            "gridsterCoords": {
               "h": 7,
               "w": 3,
               "x": 1,
               "y": 1
            },
            "height": 242,
            "id": "f49578c3-100d-4e02-980e-8b85f30fb31c",
            "states": [{
               "key": "permResGrid_widget_8d23c5e1-fdd5-4956-86c8-bd93341aaf1e_f49578c3-100d-4e02-980e-8b85f30fb31c",
               "value": "o%3Acolumns%3Da%253Ao%25253Aid%25253Ds%2525253Ah1%25255Ehidden%25253Db%2525253A1%25255Ewidth%25253Dn%2525253A100%255Eo%25253Aid%25253Ds%2525253Ah15%25255Ehidden%25253Db%2525253A0%25255Ewidth%25253Dn%2525253A100%255Eo%25253Aid%25253Ds%2525253Ah2%25255Ehidden%25253Db%2525253A0%25255Ewidth%25253Dn%2525253A269%255Eo%25253Aid%25253Ds%2525253Ah3%25255Ehidden%25253Db%2525253A1%25255Ewidth%25253Dn%2525253A100%255Eo%25253Aid%25253Ds%2525253Ah4%25255Ehidden%25253Db%2525253A1%25255Ewidth%25253Dn%2525253A100%255Eo%25253Aid%25253Ds%2525253Ah5%25255Ehidden%25253Db%2525253A1%25255Ewidth%25253Dn%2525253A100%255Eo%25253Aid%25253Ds%2525253Ah6%25255Ehidden%25253Db%2525253A1%25255Ewidth%25253Dn%2525253A100%255Eo%25253Aid%25253Ds%2525253Ah7%25255Ehidden%25253Db%2525253A1%25255Ewidth%25253Dn%2525253A100%255Eo%25253Aid%25253Ds%2525253Ah8%25255Ehidden%25253Db%2525253A1%25255Ewidth%25253Dn%2525253A100%255Eo%25253Aid%25253Ds%2525253Ah9%25255Ehidden%25253Db%2525253A1%25255Ewidth%25253Dn%2525253A100%255Eo%25253Aid%25253Ds%2525253Ah10%25255Ehidden%25253Db%2525253A1%25255Ewidth%25253Dn%2525253A100%255Eo%25253Aid%25253Ds%2525253Ah11%25255Ehidden%25253Db%2525253A1%25255Ewidth%25253Dn%2525253A100%255Eo%25253Aid%25253Ds%2525253Ah12%25255Ehidden%25253Db%2525253A1%25255Ewidth%25253Dn%2525253A100%255Eo%25253Aid%25253Ds%2525253Ah13%25255Ehidden%25253Db%2525253A1%25255Ewidth%25253Dn%2525253A100%255Eo%25253Aid%25253Ds%2525253Ah14%25255Ehidden%25253Db%2525253A1%25255Ewidth%25253Dn%2525253A40%255Eo%25253Aid%25253Ds%2525253Ah16%25255Ehidden%25253Db%2525253A1%25255Ewidth%25253Dn%2525253A100%255Eo%25253Aid%25253Ds%2525253Ah17%25255Ehidden%25253Db%2525253A0%25255Ewidth%25253Dn%2525253A100%255Eo%25253Aid%25253Ds%2525253Ah18%25255Ehidden%25253Db%2525253A0%25255Ewidth%25253Dn%2525253A100%255Eo%25253Aid%25253Ds%2525253Ah19%25255Ehidden%25253Db%2525253A0%25255Ewidth%25253Dn%2525253A126%255Eo%25253Aid%25253Ds%2525253Ah20%25255Ehidden%25253Db%2525253A1%25255Ewidth%25253Dn%2525253A100%255Eo%25253Aid%25253Ds%2525253Ah21%25255Ehidden%25253Db%2525253A1%25255Ewidth%25253Dn%2525253A100%255Eo%25253Aid%25253Ds%2525253Ah22%25255Ehidden%25253Db%2525253A1%25255Ewidth%25253Dn%2525253A100%255Eo%25253Aid%25253Ds%2525253Ah23%25255Ehidden%25253Db%2525253A1%25255Ewidth%25253Dn%2525253A100%255Eo%25253Aid%25253Ds%2525253Ah24%25255Ehidden%25253Db%2525253A1%25255Ewidth%25253Dn%2525253A100%255Eo%25253Aid%25253Ds%2525253Ah25%25255Ehidden%25253Db%2525253A1%25255Ewidth%25253Dn%2525253A100%255Eo%25253Aid%25253Ds%2525253Ah26%25255Ehidden%25253Db%2525253A1%25255Ewidth%25253Dn%2525253A100%255Eo%25253Aid%25253Ds%2525253Ah27%25255Ehidden%25253Db%2525253A1%25255Ewidth%25253Dn%2525253A100%255Eo%25253Aid%25253Ds%2525253Ah28%25255Ehidden%25253Db%2525253A1%25255Ewidth%25253Dn%2525253A100%255Eo%25253Aid%25253Ds%2525253Ah29%25255Ehidden%25253Db%2525253A1%25255Ewidth%25253Dn%2525253A100%255Eo%25253Aid%25253Ds%2525253Ah30%25255Ehidden%25253Db%2525253A1%25255Ewidth%25253Dn%2525253A100%255Eo%25253Aid%25253Ds%2525253Ah31%25255Ehidden%25253Db%2525253A1%25255Ewidth%25253Dn%2525253A100%255Eo%25253Aid%25253Ds%2525253Ah32%25255Ehidden%25253Db%2525253A1%25255Ewidth%25253Dn%2525253A100%255Eo%25253Aid%25253Ds%2525253Ah33%25255Ehidden%25253Db%2525253A1%25255Ewidth%25253Dn%2525253A100%255Eo%25253Aid%25253Ds%2525253Ah34%25255Ehidden%25253Db%2525253A1%25255Ewidth%25253Dn%2525253A100%255Eo%25253Aid%25253Ds%2525253Ah35%25255Ehidden%25253Db%2525253A1%25255Ewidth%25253Dn%2525253A100%255Eo%25253Aid%25253Ds%2525253Ah36%25255Ehidden%25253Db%2525253A1%25255Ewidth%25253Dn%2525253A100%255Eo%25253Aid%25253Ds%2525253Ah37%25255Ehidden%25253Db%2525253A1%25255Ewidth%25253Dn%2525253A100%255Eo%25253Aid%25253Ds%2525253Ah38%25255Ehidden%25253Db%2525253A1%25255Ewidth%25253Dn%2525253A100%255Eo%25253Aid%25253Ds%2525253Ah39%25255Ehidden%25253Db%2525253A1%25255Ewidth%25253Dn%2525253A100%255Eo%25253Aid%25253Ds%2525253Ah40%25255Ehidden%25253Db%2525253A1%25255Ewidth%25253Dn%2525253A100%255Eo%25253Aid%25253Ds%2525253Ah41%25255Ehidden%25253Db%2525253A1%25255Ewidth%25253Dn%2525253A100%255Eo%25253Aid%25253Ds%2525253Ah42%25255Ehidden%25253Db%2525253A1%25255Ewidth%25253Dn%2525253A100%255Eo%25253Aid%25253Ds%2525253Ah43%25255Ehidden%25253Db%2525253A1%25255Ewidth%25253Dn%2525253A100%255Eo%25253Aid%25253Ds%2525253Ah44%25255Ehidden%25253Db%2525253A1%25255Ewidth%25253Dn%2525253A100%255Eo%25253Aid%25253Ds%2525253Ah45%25255Ehidden%25253Db%2525253A1%25255Ewidth%25253Dn%2525253A100%255Eo%25253Aid%25253Ds%2525253Ah46%25255Ehidden%25253Db%2525253A1%25255Ewidth%25253Dn%2525253A100"
            }],
            "title": "SQL Server Instances",
            "type": "ResourceList",
            "x": 1,
            "y": 1
         },
         {
            "collapsed": false,
            "config": {
               "refreshContent": {"refreshContent": true},
               "refreshInterval": 120,
               "resInteractionMode": "MSSQL-Database-Capacity-Graph.xml",
               "resourceMetrics": [],
               "selfProvider": {"selfProvider": false},
               "title": "Database Size Breakdown"
            },
            "gridsterCoords": {
               "h": 12,
               "w": 3,
               "x": 4,
               "y": 20
            },
            "height": 422,
            "id": "d395bd79-2a09-4a8f-9d01-00f3987739fe",
            "states": [
               {
                  "key": "permDateRange1_metricChart_widget_8d23c5e1-fdd5-4956-86c8-bd93341aaf1e_d395bd79-2a09-4a8f-9d01-00f3987739fe",
                  "value": "s%3A%7B%22dateRange%22%3A%22last6Hour%22%2C%22dateFrom%22%3Anull%2C%22dateTo%22%3Anull%2C%22timeFrom%22%3Anull%2C%22timeTo%22%3Anull%7D"
               },
               {
                  "key": "permDateRange1_permMetricChart_widget_8d23c5e1-fdd5-4956-86c8-bd93341aaf1e_d395bd79-2a09-4a8f-9d01-00f3987739fe",
                  "value": "s%3A%7B%22dateRange%22%3A%22last6Hour%22%2C%22dateFrom%22%3Anull%2C%22dateTo%22%3Anull%2C%22timeFrom%22%3Anull%2C%22timeTo%22%3Anull%7D"
               },
               {
                  "key": "permBtn_pan_permMetricChart_widget_8d23c5e1-fdd5-4956-86c8-bd93341aaf1e_d395bd79-2a09-4a8f-9d01-00f3987739fe",
                  "value": "b%3A0"
               },
               {
                  "key": "permMetricChart_widget_8d23c5e1-fdd5-4956-86c8-bd93341aaf1e_d395bd79-2a09-4a8f-9d01-00f3987739fe",
                  "value": "o%3A"
               },
               {
                  "key": "permBtn_zoomAllGraphs_permMetricChart_widget_8d23c5e1-fdd5-4956-86c8-bd93341aaf1e_d395bd79-2a09-4a8f-9d01-00f3987739fe",
                  "value": "b%3A0"
               }
            ],
            "title": "Database Size Breakdown",
            "type": "MetricChart",
            "x": 2,
            "y": 2
         },
         {
            "collapsed": false,
            "config": {
               "columnSequence": {"columnSequence": "graphFirst"},
               "metric": {
                  "mode": "resource",
                  "resourceKindMetrics": [],
                  "resourceMetrics": []
               },
               "refreshContent": {"refreshContent": true},
               "refreshInterval": 120,
               "resInteractionMode": "MSSQL-Database-Performance-Sparkline.xml",
               "selfProvider": {"selfProvider": false},
               "title": "Performance Metrics",
               "undefined": {"showObjectName": false}
            },
            "gridsterCoords": {
               "h": 7,
               "w": 3,
               "x": 4,
               "y": 8
            },
            "height": 242,
            "id": "1f63e6a4-b6ec-473e-917a-5ba0bf6d0a2f",
            "states": [{
               "key": "permDateRange_widget_8d23c5e1-fdd5-4956-86c8-bd93341aaf1e_1f63e6a4-b6ec-473e-917a-5ba0bf6d0a2f",
               "value": "s%3A%7B%22dateRange%22%3A%22last6Hour%22%2C%22dateFrom%22%3Anull%2C%22dateTo%22%3Anull%2C%22timeFrom%22%3Anull%2C%22timeTo%22%3Anull%7D"
            }],
            "title": "Performance Metrics",
            "type": "SparklineChart",
            "x": 1,
            "y": 6
         },
         {
            "collapsed": false,
            "config": {
               "columnSequence": {"columnSequence": "graphFirst"},
               "metric": {
                  "mode": "resource",
                  "resourceKindMetrics": [],
                  "resourceMetrics": []
               },
               "refreshContent": {"refreshContent": true},
               "refreshInterval": 120,
               "resInteractionMode": "MSSQL-Database-Index-Performance.xml",
               "selfProvider": {"selfProvider": false},
               "title": "Index Performance",
               "undefined": {"showObjectName": false}
            },
            "gridsterCoords": {
               "h": 5,
               "w": 3,
               "x": 4,
               "y": 15
            },
            "height": 170,
            "id": "11c8c42c-e3aa-4e67-9d65-795b757f18ff",
            "states": [{
               "key": "permDateRange_widget_8d23c5e1-fdd5-4956-86c8-bd93341aaf1e_11c8c42c-e3aa-4e67-9d65-795b757f18ff",
               "value": "s%3A%7B%22dateRange%22%3A%22last6Hour%22%2C%22dateFrom%22%3Anull%2C%22dateTo%22%3Anull%2C%22timeFrom%22%3Anull%2C%22timeTo%22%3Anull%7D"
            }],
            "title": "Index Performance",
            "type": "SparklineChart",
            "x": 1,
            "y": 7
         },
         {
            "collapsed": false,
            "config": {
               "metric": {
                  "mode": "resource",
                  "resourceKindMetrics": [],
                  "resourceMetrics": []
               },
               "refreshContent": {"refreshContent": true},
               "refreshInterval": 300,
               "resInteractionMode": "MSSQL-Database-Status.xml",
               "selfProvider": {"selfProvider": false},
               "title": "Status"
            },
            "gridsterCoords": {
               "h": 6,
               "w": 3,
               "x": 1,
               "y": 20
            },
            "height": 206,
            "id": "318075fe-65e8-452a-b5a0-e75da28dd6cb",
            "title": "Status",
            "type": "PropertyList",
            "x": 1,
            "y": 4
         },
         {
            "collapsed": false,
            "config": {
               "alertImpact": [],
               "criticalityLevel": [],
               "mode": "resource",
               "periodLength": null,
               "refreshContent": {"refreshContent": true},
               "refreshInterval": 300,
               "state": [],
               "status": [0],
               "tagFilter": null,
               "title": "Alert List",
               "type": []
            },
            "gridsterCoords": {
               "h": 7,
               "w": 3,
               "x": 4,
               "y": 1
            },
            "height": 242,
            "id": "9bea2767-00e0-40a4-baab-880cd2d2d958",
            "states": [
               {
                  "key": "permDateFilter_permAlertGrid_widget_8d23c5e1-fdd5-4956-86c8-bd93341aaf1e_9bea2767-00e0-40a4-baab-880cd2d2d958",
                  "value": "s%3A%7B%22dateRange%22%3A%22last30Days%22%2C%22dateFrom%22%3Anull%2C%22dateTo%22%3Anull%2C%22timeFrom%22%3Anull%2C%22timeTo%22%3Anull%7D"
               },
               {
                  "key": "permAlertGrid_widget_8d23c5e1-fdd5-4956-86c8-bd93341aaf1e_9bea2767-00e0-40a4-baab-880cd2d2d958",
                  "value": "o%3Acolumns%3Da%253Ao%25253Aid%25253Ds%2525253Ah1%25255Ehidden%25253Db%2525253A1%25255Ewidth%25253Dn%2525253A100%255Eo%25253Aid%25253Ds%2525253Ah2%25255Ewidth%25253Dn%2525253A100%255Eo%25253Aid%25253Ds%2525253Ah3%25255Ewidth%25253Dn%2525253A100%255Eo%25253Aid%25253Ds%2525253Ah4%25255Ewidth%25253Dn%2525253A100%255Eo%25253Aid%25253Ds%2525253Ah5%25255Ewidth%25253Dn%2525253A100%255Eo%25253Aid%25253Ds%2525253Ah6%25255Ewidth%25253Dn%2525253A100%255Eo%25253Aid%25253Ds%2525253Ah7%25255Ewidth%25253Dn%2525253A100%255Eo%25253Aid%25253Ds%2525253Ah8%25255Ewidth%25253Dn%2525253A100%255Eo%25253Aid%25253Ds%2525253Ah9%25255Ewidth%25253Dn%2525253A100%255Eo%25253Aid%25253Ds%2525253Ah10%25255Ewidth%25253Dn%2525253A100%255Eo%25253Aid%25253Ds%2525253Ah11%25255Ewidth%25253Dn%2525253A100%255Eo%25253Aid%25253Ds%2525253Ah12%25255Ewidth%25253Dn%2525253A100%255Eo%25253Aid%25253Ds%2525253Ah13%25255Ewidth%25253Dn%2525253A100%255Eo%25253Aid%25253Ds%2525253Ah14%25255Ewidth%25253Dn%2525253A100%255Eo%25253Aid%25253Ds%2525253Ah15%25255Ewidth%25253Dn%2525253A100%255Eo%25253Aid%25253Ds%2525253Ah16%25255Ehidden%25253Db%2525253A1%25255Ewidth%25253Dn%2525253A100%255Eo%25253Aid%25253Ds%2525253Ah17%25255Ehidden%25253Db%2525253A1%25255Ewidth%25253Dn%2525253A100%255Eo%25253Aid%25253Ds%2525253Ah18%25255Ehidden%25253Db%2525253A1%25255Ewidth%25253Dn%2525253A100"
               }
            ],
            "title": "Alert List",
            "type": "AlertList",
            "x": 2,
            "y": 1
         },
         {
            "collapsed": false,
            "config": {
               "custom": [{
                  "lightWeightRelationships": [
                     {
                        "id": "extModel3637-1",
                        "key": "widget.topologyGraph.parent",
                        "lineStyle": "solid",
                        "name": "",
                        "propKeyPrefix": "",
                        "relationship": "~child",
                        "subType": "",
                        "type": "~child"
                     },
                     {
                        "id": "extModel3637-2",
                        "key": "widget.topologyGraph.child",
                        "lineStyle": "solid",
                        "name": "",
                        "propKeyPrefix": "",
                        "relationship": "child",
                        "subType": "",
                        "type": "child"
                     }
                  ],
                  "selectedConfigFile": "defaultTopologyGraphConfig.xml",
                  "selectedLayoutType": "force",
                  "travSpecs": [
                     {
                        "description": "View MS SQL Server Resources Hierarchically",
                        "id": "extModel3627-1",
                        "key": "MS SQL Server Environment-SqlServerAdapter-sql_server_traversal_tag",
                        "name": "MS SQL Server Environment",
                        "relations": [
                           "~child",
                           "child"
                        ]
                     },
                     {
                        "description": "Enables view of resources imported from vCenter like Clusters, Hosts, VMs and ResourcePools",
                        "id": "extModel3627-2",
                        "key": "vSphere Hosts and Clusters-VMWARE-vSphere World",
                        "name": "vSphere Hosts and Clusters",
                        "relations": [
                           "~child",
                           "child"
                        ]
                     }
                  ]
               }],
               "depth": 2,
               "filterMode": {"leafExpand": true},
               "mode": "node",
               "refreshContent": {"refreshContent": false},
               "refreshInterval": 300,
               "resInteractionMode": null,
               "resource": {"resourceName": ""},
               "resources": [
                  {"resourceName": ""},
                  {"resourceName": ""}
               ],
               "selfProvider": {"selfProvider": false},
               "title": "Topology Graph",
               "treeType": {"treeType": false}
            },
            "gridsterCoords": {
               "h": 12,
               "w": 3,
               "x": 4,
               "y": 32
            },
            "height": 422,
            "id": "155468e3-da9d-4a14-93aa-f29aabc01896",
            "states": [
               {
                  "key": "permNewlyConfigured_widget_8d23c5e1-fdd5-4956-86c8-bd93341aaf1e_155468e3-da9d-4a14-93aa-f29aabc01896",
                  "value": "b%3A0"
               },
               {
                  "key": "permGraphData_widget_8d23c5e1-fdd5-4956-86c8-bd93341aaf1e_155468e3-da9d-4a14-93aa-f29aabc01896",
                  "value": "s%3A%7B%22nodesMap%22%3A%7B%7D%2C%22linksMap%22%3A%7B%7D%2C%22relationshipMap%22%3A%7B%7D%2C%22expandedNodesMap%22%3A%7B%7D%2C%22layout%22%3A%7B%22zoom%22%3A1%2C%22x%22%3A20.503721374733573%2C%22y%22%3A4.710201031569397%7D%2C%22links%22%3A%5B%7B%22betweenResources%22%3A%22true%22%2C%22source%22%3A%2207309ff6-f621-4bb5-ab7d-538a6a33fd91%22%2C%22type%22%3A%22%7Echild%22%2C%22target%22%3A%228984e965-3934-4f7b-a317-8deedc250a15%22%2C%22lineStyle%22%3A%22solid%22%7D%2C%7B%22betweenResources%22%3A%22true%22%2C%22source%22%3A%228984e965-3934-4f7b-a317-8deedc250a15%22%2C%22type%22%3A%22%7Echild%22%2C%22target%22%3A%22b485d6c6-e287-4779-b859-603883a8581c%22%2C%22lineStyle%22%3A%22solid%22%7D%2C%7B%22betweenResources%22%3A%22true%22%2C%22source%22%3A%228984e965-3934-4f7b-a317-8deedc250a15%22%2C%22type%22%3A%22%7Echild%22%2C%22target%22%3A%2245779233-5451-4b85-ac53-6dde12e4c741%22%2C%22lineStyle%22%3A%22solid%22%7D%5D%2C%22nodes%22%3A%5B%7B%22resourceNode%22%3Atrue%2C%22metricState%22%3A0%2C%22icon%22%3A%22images/resknd/default/SqlServerAdapter_SqlDatabase.png%22%2C%22adapterkndKey%22%3A%22SqlServerAdapter%22%2C%22degree%22%3A0%2C%22index%22%3A0%2C%22resknd%22%3A%22Microsoft%20SQL%20Server%20Database%22%2C%22uuid%22%3A%2207309ff6-f621-4bb5-ab7d-538a6a33fd91%22%2C%22resKndId%22%3A%22002016SqlServerAdapterSqlDatabase%22%2C%22reskndKey%22%3A%22SqlDatabase%22%2C%22root%22%3Afalse%2C%22name%22%3A%22model%22%2C%22healthColor%22%3A%22%23309948%22%2C%22darkerHealthColor%22%3A%22%23216b32%22%2C%22properties%22%3A%5B%5D%2C%22notInState%22%3Afalse%2C%22x%22%3A357.93922482425995%2C%22y%22%3A83.33587394464385%2C%22radius%22%3A33%2C%22weight%22%3A1%2C%22px%22%3A357.8507176697346%2C%22py%22%3A84.36735632771321%2C%22x0%22%3A357.77840533677505%2C%22y0%22%3A83.3960947201061%2C%22efficiencyColor%22%3A%22%23309948%22%2C%22healthState%22%3A0%2C%22darkerRiskColor%22%3A%22%23216b32%22%2C%22efficiencyState%22%3A0%2C%22darkerEfficiencyColor%22%3A%22%23216b32%22%2C%22riskColor%22%3A%22%23309948%22%2C%22riskState%22%3A0%2C%22tooltipId%22%3A%22tooltip_07309ff6-f621-4bb5-ab7d-538a6a33fd91_1519413187308%22%2C%22fixed%22%3Atrue%7D%2C%7B%22resourceNode%22%3Atrue%2C%22metricState%22%3A0%2C%22icon%22%3A%22images/resknd/default/VMWARE_VirtualMachine.png%22%2C%22adapterkndKey%22%3A%22VMWARE%22%2C%22degree%22%3A2%2C%22index%22%3A1%2C%22resknd%22%3A%22Virtual%20Machine%22%2C%22uuid%22%3A%22b485d6c6-e287-4779-b859-603883a8581c%22%2C%22resKndId%22%3A%22002006VMWAREVirtualMachine%22%2C%22reskndKey%22%3A%22VirtualMachine%22%2C%22root%22%3Afalse%2C%22name%22%3A%22mssql17-win12.bluemedora.localnet%22%2C%22healthColor%22%3A%22%23309948%22%2C%22darkerHealthColor%22%3A%22%23216b32%22%2C%22properties%22%3A%5B%5D%2C%22notInState%22%3Afalse%2C%22radius%22%3A33%2C%22weight%22%3A1%2C%22x%22%3A240.08717053688585%2C%22y%22%3A189.27905537831796%2C%22px%22%3A241.07036155025804%2C%22py%22%3A189.3157260708201%2C%22x0%22%3A238.49578324649872%2C%22y0%22%3A190.0185751996367%2C%22efficiencyColor%22%3A%22%23309948%22%2C%22healthState%22%3A0%2C%22darkerRiskColor%22%3A%22%23216b32%22%2C%22efficiencyState%22%3A0%2C%22darkerEfficiencyColor%22%3A%22%23216b32%22%2C%22riskColor%22%3A%22%23309948%22%2C%22riskState%22%3A0%2C%22tooltipId%22%3A%22tooltip_b485d6c6-e287-4779-b859-603883a8581c_1519413187308%22%2C%22fixed%22%3Atrue%7D%2C%7B%22resourceNode%22%3Atrue%2C%22metricState%22%3A0%2C%22icon%22%3A%22images/resknd/default/SqlServerAdapter_sql_server_traversal_tag.png%22%2C%22adapterkndKey%22%3A%22SqlServerAdapter%22%2C%22degree%22%3A2%2C%22index%22%3A2%2C%22resknd%22%3A%22Microsoft%20SQL%20Server%22%2C%22uuid%22%3A%2245779233-5451-4b85-ac53-6dde12e4c741%22%2C%22resKndId%22%3A%22002016SqlServerAdaptersql_server_traversal_tag%22%2C%22reskndKey%22%3A%22sql_server_traversal_tag%22%2C%22root%22%3Afalse%2C%22name%22%3A%22SQL%20Server%20Instances%22%2C%22healthColor%22%3A%22%23309948%22%2C%22darkerHealthColor%22%3A%22%23216b32%22%2C%22properties%22%3A%5B%5D%2C%22notInState%22%3Afalse%2C%22radius%22%3A33%2C%22weight%22%3A1%2C%22x%22%3A424.905386713647%2C%22y%22%3A271.2437239922174%2C%22px%22%3A424.1149834162309%2C%22py%22%3A270.44364586809166%2C%22x0%22%3A423.58956292951206%2C%22y0%22%3A270.96924529554127%2C%22efficiencyColor%22%3A%22%23309948%22%2C%22healthState%22%3A0%2C%22darkerRiskColor%22%3A%22%23216b32%22%2C%22efficiencyState%22%3A0%2C%22darkerEfficiencyColor%22%3A%22%23216b32%22%2C%22riskColor%22%3A%22%23309948%22%2C%22riskState%22%3A0%2C%22tooltipId%22%3A%22tooltip_45779233-5451-4b85-ac53-6dde12e4c741_1519413187308%22%2C%22fixed%22%3Atrue%7D%2C%7B%22resourceNode%22%3Atrue%2C%22metricState%22%3A2%2C%22icon%22%3A%22images/resknd/default/SqlServerAdapter_SqlServer.png%22%2C%22adapterkndKey%22%3A%22SqlServerAdapter%22%2C%22degree%22%3A1%2C%22index%22%3A3%2C%22resknd%22%3A%22Microsoft%20SQL%20Server%20Instance%22%2C%22uuid%22%3A%228984e965-3934-4f7b-a317-8deedc250a15%22%2C%22resKndId%22%3A%22002016SqlServerAdapterSqlServer%22%2C%22reskndKey%22%3A%22SqlServer%22%2C%22root%22%3Afalse%2C%22name%22%3A%22MSSQL17-WIN12%20MSSQLSERVER%22%2C%22healthColor%22%3A%22%23f98200%22%2C%22darkerHealthColor%22%3A%22%23ae5b00%22%2C%22properties%22%3A%5B%5D%2C%22notInState%22%3Afalse%2C%22radius%22%3A33%2C%22weight%22%3A3%2C%22x%22%3A349.43456584911286%2C%22y%22%3A192.5070342635228%2C%22px%22%3A349.30603242748725%2C%22py%22%3A192.39423361576902%2C%22x0%22%3A349.43456584911286%2C%22y0%22%3A192.5070342635228%2C%22efficiencyColor%22%3A%22%23309948%22%2C%22healthState%22%3A2%2C%22darkerRiskColor%22%3A%22%23216b32%22%2C%22efficiencyState%22%3A0%2C%22darkerEfficiencyColor%22%3A%22%23216b32%22%2C%22riskColor%22%3A%22%23309948%22%2C%22riskState%22%3A0%2C%22tooltipId%22%3A%22tooltip_8984e965-3934-4f7b-a317-8deedc250a15_1519413187308%22%2C%22fixed%22%3Atrue%7D%5D%2C%22removedNodesMap%22%3A%7B%7D%7D"
               }
            ],
            "title": "Topology Graph",
            "type": "TopologyGraph"
         }
      ]
   }],
   "entries": {"resourceKind": [
      {
         "adapterKindKey": "SqlServerAdapter",
         "internalId": "resourceKind:id:0_::_",
         "resourceKindKey": "SqlDatabase"
      },
      {
         "adapterKindKey": "SqlServerAdapter",
         "internalId": "resourceKind:id:1_::_",
         "resourceKindKey": "SqlServer"
      }
   ]},
   "uuid": "6f640c13-7e04-4f95-ab58-7babfd8d6f85"
}
