{
   "dashboards": [{
      "autoswitchEnabled": false,
      "columnCount": 5,
      "columnProportion": "0.5-0.5-0.5-0.5",
      "creationTime": 1511278683370,
      "description": "",
      "disabled": false,
      "id": "2c7c1680-e821-4b92-997f-00edd337c95b",
      "importAttempts": 0,
      "importComplete": true,
      "isDefault": false,
      "locked": false,
      "name": "Microsoft SQL Server/Microsoft SQL Server Query Analysis",
      "namePath": "Microsoft SQL Server",
      "rank": 50,
      "shared": true,
      "temporary": false,
      "userId": "dda3a0ba-03fd-4ab8-914a-601638f25d8e",
      "widgetInteractions": [
         {
            "type": "resourceId",
            "widgetIdProvider": "8d79fcdd-522b-41fc-affc-b8a841ea333e",
            "widgetIdReceiver": "81184a81-1488-483b-a372-213f4cb01a47"
         },
         {
            "type": "resourceId",
            "widgetIdProvider": "8d79fcdd-522b-41fc-affc-b8a841ea333e",
            "widgetIdReceiver": "cbdee7e7-ebad-420f-868f-cf2204458c1c"
         },
         {
            "type": "resourceId",
            "widgetIdProvider": "ca8dcc2f-8aeb-418a-9e6a-5f9a6fbe92ce",
            "widgetIdReceiver": "8d79fcdd-522b-41fc-affc-b8a841ea333e"
         }
      ],
      "widgets": [
         {
            "collapsed": false,
            "config": {
               "additionalColumns": [
                  {
                     "boxLabel": "Workload (%)",
                     "metricKey": "badge|workload",
                     "metricName": "Workload (%)",
                     "resourceKindId": "002016SqlServerAdapterSqlServer"
                  },
                  {
                     "boxLabel": "Buffer Cache Hit Ratio",
                     "metricKey": "buffer|buffer_cache_hit_ratio",
                     "metricName": "Buffer Cache Hit Ratio",
                     "resourceKindId": "002016SqlServerAdapterSqlServer"
                  },
                  {
                     "boxLabel": "SQL Recompilation Ratio",
                     "metricKey": "statements|sql_recompilations_ratio",
                     "metricName": "SQL Recompilation Ratio",
                     "resourceKindId": "002016SqlServerAdapterSqlServer"
                  }
               ],
               "mode": {"mode": 0},
               "refreshContent": {"refreshContent": true},
               "refreshInterval": 300,
               "selectFirstRow": {"selectFirstRow": true},
               "tagFilter": {
                  "path": ["/source/kind/kind:resourceKind:id:0_::_"],
                  "value": {
                     "adapterInstance": [],
                     "adapterKind": [],
                     "bus": [],
                     "collector": [],
                     "day": [],
                     "exclaim": false,
                     "healthRange": [],
                     "kind": ["resourceKind:id:0_::_"],
                     "maintenanceSchedule": [],
                     "state": [],
                     "status": [],
                     "tag": [],
                     "tier": []
                  }
               },
               "title": "SQL Server Instances"
            },
            "gridsterCoords": {
               "h": 11,
               "w": 3,
               "x": 1,
               "y": 1
            },
            "height": 386,
            "id": "ca8dcc2f-8aeb-418a-9e6a-5f9a6fbe92ce",
            "states": [{
               "key": "permResGrid_widget_2c7c1680-e821-4b92-997f-00edd337c95b_ca8dcc2f-8aeb-418a-9e6a-5f9a6fbe92ce",
               "value": "o%3Acolumns%3Da%253Ao%25253Aid%25253Ds%2525253Ah1%25255Ehidden%25253Db%2525253A1%25255Ewidth%25253Dn%2525253A100%255Eo%25253Aid%25253Ds%2525253Ah15%25255Ehidden%25253Db%2525253A0%25255Ewidth%25253Dn%2525253A90%255Eo%25253Aid%25253Ds%2525253Ah2%25255Ehidden%25253Db%2525253A0%25255Ewidth%25253Dn%2525253A222%255Eo%25253Aid%25253Ds%2525253Ah3%25255Ehidden%25253Db%2525253A1%25255Ewidth%25253Dn%2525253A100%255Eo%25253Aid%25253Ds%2525253Ah4%25255Ehidden%25253Db%2525253A1%25255Ewidth%25253Dn%2525253A100%255Eo%25253Aid%25253Ds%2525253Ah5%25255Ehidden%25253Db%2525253A1%25255Ewidth%25253Dn%2525253A100%255Eo%25253Aid%25253Ds%2525253Ah6%25255Ehidden%25253Db%2525253A1%25255Ewidth%25253Dn%2525253A100%255Eo%25253Aid%25253Ds%2525253Ah7%25255Ehidden%25253Db%2525253A1%25255Ewidth%25253Dn%2525253A100%255Eo%25253Aid%25253Ds%2525253Ah8%25255Ehidden%25253Db%2525253A1%25255Ewidth%25253Dn%2525253A100%255Eo%25253Aid%25253Ds%2525253Ah9%25255Ehidden%25253Db%2525253A1%25255Ewidth%25253Dn%2525253A100%255Eo%25253Aid%25253Ds%2525253Ah10%25255Ehidden%25253Db%2525253A1%25255Ewidth%25253Dn%2525253A100%255Eo%25253Aid%25253Ds%2525253Ah11%25255Ehidden%25253Db%2525253A1%25255Ewidth%25253Dn%2525253A100%255Eo%25253Aid%25253Ds%2525253Ah12%25255Ehidden%25253Db%2525253A1%25255Ewidth%25253Dn%2525253A100%255Eo%25253Aid%25253Ds%2525253Ah13%25255Ehidden%25253Db%2525253A1%25255Ewidth%25253Dn%2525253A100%255Eo%25253Aid%25253Ds%2525253Ah14%25255Ehidden%25253Db%2525253A1%25255Ewidth%25253Dn%2525253A100%255Eo%25253Aid%25253Ds%2525253Ah16%25255Ehidden%25253Db%2525253A1%25255Ewidth%25253Dn%2525253A100%255Eo%25253Aid%25253Ds%2525253Ah17%25255Ehidden%25253Db%2525253A0%25255Ewidth%25253Dn%2525253A81%255Eo%25253Aid%25253Ds%2525253Ah18%25255Ehidden%25253Db%2525253A0%25255Ewidth%25253Dn%2525253A81%255Eo%25253Aid%25253Ds%2525253Ah19%25255Ehidden%25253Db%2525253A0%25255Ewidth%25253Dn%2525253A123%255Eo%25253Aid%25253Ds%2525253Ah20%25255Ehidden%25253Db%2525253A0%25255Ewidth%25253Dn%2525253A126%255Eo%25253Aid%25253Ds%2525253Ah21%25255Ehidden%25253Db%2525253A1%25255Ewidth%25253Dn%2525253A100%255Eo%25253Aid%25253Ds%2525253Ah22%25255Ehidden%25253Db%2525253A1%25255Ewidth%25253Dn%2525253A100%255Eo%25253Aid%25253Ds%2525253Ah23%25255Ehidden%25253Db%2525253A1%25255Ewidth%25253Dn%2525253A100%255Eo%25253Aid%25253Ds%2525253Ah24%25255Ehidden%25253Db%2525253A1%25255Ewidth%25253Dn%2525253A100%255Eo%25253Aid%25253Ds%2525253Ah25%25255Ehidden%25253Db%2525253A1%25255Ewidth%25253Dn%2525253A100%255Eo%25253Aid%25253Ds%2525253Ah26%25255Ehidden%25253Db%2525253A1%25255Ewidth%25253Dn%2525253A100%255Eo%25253Aid%25253Ds%2525253Ah27%25255Ehidden%25253Db%2525253A1%25255Ewidth%25253Dn%2525253A100%255Eo%25253Aid%25253Ds%2525253Ah28%25255Ehidden%25253Db%2525253A1%25255Ewidth%25253Dn%2525253A100%255Eo%25253Aid%25253Ds%2525253Ah29%25255Ehidden%25253Db%2525253A1%25255Ewidth%25253Dn%2525253A100%255Eo%25253Aid%25253Ds%2525253Ah30%25255Ehidden%25253Db%2525253A1%25255Ewidth%25253Dn%2525253A100%255Eo%25253Aid%25253Ds%2525253Ah31%25255Ehidden%25253Db%2525253A1%25255Ewidth%25253Dn%2525253A100%255Eo%25253Aid%25253Ds%2525253Ah32%25255Ehidden%25253Db%2525253A1%25255Ewidth%25253Dn%2525253A100%255Eo%25253Aid%25253Ds%2525253Ah33%25255Ehidden%25253Db%2525253A1%25255Ewidth%25253Dn%2525253A100%255Eo%25253Aid%25253Ds%2525253Ah34%25255Ehidden%25253Db%2525253A1%25255Ewidth%25253Dn%2525253A100%255Eo%25253Aid%25253Ds%2525253Ah35%25255Ehidden%25253Db%2525253A1%25255Ewidth%25253Dn%2525253A100%255Eo%25253Aid%25253Ds%2525253Ah36%25255Ehidden%25253Db%2525253A1%25255Ewidth%25253Dn%2525253A100%255Eo%25253Aid%25253Ds%2525253Ah37%25255Ehidden%25253Db%2525253A1%25255Ewidth%25253Dn%2525253A100%255Eo%25253Aid%25253Ds%2525253Ah38%25255Ehidden%25253Db%2525253A1%25255Ewidth%25253Dn%2525253A100%255Eo%25253Aid%25253Ds%2525253Ah39%25255Ehidden%25253Db%2525253A1%25255Ewidth%25253Dn%2525253A100%255Eo%25253Aid%25253Ds%2525253Ah40%25255Ehidden%25253Db%2525253A1%25255Ewidth%25253Dn%2525253A100%255Eo%25253Aid%25253Ds%2525253Ah41%25255Ehidden%25253Db%2525253A1%25255Ewidth%25253Dn%2525253A100%255Eo%25253Aid%25253Ds%2525253Ah42%25255Ehidden%25253Db%2525253A1%25255Ewidth%25253Dn%2525253A100%255Eo%25253Aid%25253Ds%2525253Ah43%25255Ehidden%25253Db%2525253A1%25255Ewidth%25253Dn%2525253A100%255Eo%25253Aid%25253Ds%2525253Ah44%25255Ehidden%25253Db%2525253A1%25255Ewidth%25253Dn%2525253A100%255Eo%25253Aid%25253Ds%2525253Ah45%25255Ehidden%25253Db%2525253A1%25255Ewidth%25253Dn%2525253A100%255Eo%25253Aid%25253Ds%2525253Ah46%25255Ehidden%25253Db%2525253A1%25255Ewidth%25253Dn%2525253A100"
            }],
            "title": "SQL Server Instances",
            "type": "ResourceList",
            "x": 1,
            "y": 1
         },
         {
            "collapsed": false,
            "config": {
               "resource": null,
               "selfProvider": {"selfProvider": false},
               "title": "Selected Query Text",
               "viewDefinitionId": "d4a3e511-42c6-4a91-b0ef-0956a3b307a3"
            },
            "gridsterCoords": {
               "h": 17,
               "w": 3,
               "x": 1,
               "y": 12
            },
            "height": 602,
            "id": "81184a81-1488-483b-a372-213f4cb01a47",
            "title": "Selected Query Text",
            "type": "View",
            "x": 3,
            "y": 1
         },
         {
            "collapsed": false,
            "config": {
               "boxColumns": 2,
               "boxHeight": null,
               "labelSize": 12,
               "metric": {
                  "mode": "resource",
                  "resourceKindMetrics": [],
                  "resourceMetrics": []
               },
               "mode": {"layoutMode": "fixedView"},
               "periodLength": null,
               "refreshContent": {"refreshContent": true},
               "refreshInterval": 120,
               "resInteractionMode": "MSSQL-Query-Metrics.xml",
               "roundDecimals": null,
               "selfProvider": {"selfProvider": false},
               "showMetricUnit": {"showMetricUnit": true},
               "showResourceName": {"showResourceName": false},
               "showSparkline": {"showSparkline": true},
               "title": "Selected Query Performance Metrics",
               "valueSize": 24,
               "visualTheme": {"visualTheme": true}
            },
            "gridsterCoords": {
               "h": 17,
               "w": 3,
               "x": 4,
               "y": 12
            },
            "height": 602,
            "id": "cbdee7e7-ebad-420f-868f-cf2204458c1c",
            "title": "Selected Query Performance Metrics",
            "type": "Scoreboard",
            "x": 4,
            "y": 1
         },
         {
            "collapsed": false,
            "config": {
               "configs": [{
                  "attributeKind": {"value": ""},
                  "color": {
                     "endColor": "FF0000",
                     "maxValue": "",
                     "middleColor": "FFFF00",
                     "minValue": "",
                     "startColor": "00FF00"
                  },
                  "colorBy": {
                     "metricKey": "general|avg_execution_time",
                     "value": "General|Average Execution Time (μs)"
                  },
                  "groupBy": {
                     "id": "004null002016SqlServerAdapterSqlServer",
                     "parentId": "SqlServerAdapter",
                     "parentText": "Microsoft SQL Server",
                     "text": "Microsoft SQL Server Instance",
                     "type": "resourceKind",
                     "typeId": "resourceKind:id:0_::_"
                  },
                  "mode": {"mode": false},
                  "name": "Average Execution Time",
                  "relationalGrouping": false,
                  "resourceKind": "resourceKind:id:1_::_",
                  "sizeBy": {
                     "metricKey": "general|execution_count",
                     "value": "General|Execution Count"
                  },
                  "tagFilter": {
                     "path": ["/source/status/status:4"],
                     "value": {
                        "adapterInstance": [],
                        "adapterKind": [],
                        "bus": [],
                        "collector": [],
                        "day": [],
                        "exclaim": false,
                        "healthRange": [],
                        "kind": [],
                        "maintenanceSchedule": [],
                        "state": [],
                        "status": ["4"],
                        "tag": [],
                        "tier": []
                     }
                  },
                  "thenBy": null
               }],
               "refreshContent": {"refreshContent": true},
               "refreshInterval": 300,
               "title": "Slowest Queries",
               "value": 0
            },
            "gridsterCoords": {
               "h": 11,
               "w": 3,
               "x": 4,
               "y": 1
            },
            "height": 386,
            "id": "8d79fcdd-522b-41fc-affc-b8a841ea333e",
            "title": "Slowest Queries",
            "type": "Heatmap"
         }
      ]
   }],
   "entries": {"resourceKind": [
      {
         "adapterKindKey": "SqlServerAdapter",
         "internalId": "resourceKind:id:0_::_",
         "resourceKindKey": "SqlServer"
      },
      {
         "adapterKindKey": "SqlServerAdapter",
         "internalId": "resourceKind:id:1_::_",
         "resourceKindKey": "SqlQuery"
      }
   ]},
   "uuid": "d5697c7c-9b15-40ca-af0c-594c1fcf9fc4"
}