{
   "dashboards": [{
      "autoswitchEnabled": false,
      "columnCount": 1,
      "columnProportion": "1",
      "creationTime": 1519330124299,
      "description": "",
      "disabled": false,
      "hidden": false,
      "homeTab": false,
      "id": "830980a6-7e13-49cd-a4ab-752e05f36d5f",
      "importAttempts": 0,
      "importComplete": true,
      "isDefault": false,
      "locked": false,
      "name": "Microsoft SQL Server/Microsoft SQL Server DBA Overview",
      "namePath": "Microsoft SQL Server",
      "rank": 49,
      "shared": true,
      "temporary": false,
      "userId": "abbed1ea-d7a7-42d4-a162-75caf7da11e7",
      "widgetInteractions": [
         {
            "type": "resourceId",
            "widgetIdProvider": "0b0a6237-4d89-418c-b394-a04dd1ab112c",
            "widgetIdReceiver": "a09fc2ab-a3ea-4564-9d59-107d49d0c1f6"
         },
         {
            "type": "resourceId",
            "widgetIdProvider": "0b0a6237-4d89-418c-b394-a04dd1ab112c",
            "widgetIdReceiver": "207a3b86-c6c2-4ab9-83b5-333e6b7011df"
         },
         {
            "type": "resourceId",
            "widgetIdProvider": "0b0a6237-4d89-418c-b394-a04dd1ab112c",
            "widgetIdReceiver": "6bcdb221-f166-487a-8e98-6a7872e3b2c1"
         },
         {
            "type": "resourceId",
            "widgetIdProvider": "0b0a6237-4d89-418c-b394-a04dd1ab112c",
            "widgetIdReceiver": "00ea1567-36c1-4e95-aefd-e4cf2e2524ca"
         },
         {
            "type": "resourceId",
            "widgetIdProvider": "0b0a6237-4d89-418c-b394-a04dd1ab112c",
            "widgetIdReceiver": "e75e518a-b30d-49d4-9610-0a356f9bd440"
         },
         {
            "type": "resourceId",
            "widgetIdProvider": "abd0544f-5541-4047-8b8c-29c5ea83e3f3",
            "widgetIdReceiver": "7fa2e9f5-0f1a-472b-912e-9a8d3c773779"
         },
         {
            "type": "resourceId",
            "widgetIdProvider": "0b0a6237-4d89-418c-b394-a04dd1ab112c",
            "widgetIdReceiver": "77030ab9-cb3e-4837-bde3-d3f289cf1e76"
         },
         {
            "type": "resourceId",
            "widgetIdProvider": "0b0a6237-4d89-418c-b394-a04dd1ab112c",
            "widgetIdReceiver": "abc97fd3-176b-46da-b886-0361ee3b2037"
         },
         {
            "type": "resourceId",
            "widgetIdProvider": "0b0a6237-4d89-418c-b394-a04dd1ab112c",
            "widgetIdReceiver": "cf46c84b-9427-42ae-ab7f-bc2ab7d96b48"
         },
         {
            "type": "resourceId",
            "widgetIdProvider": "0b0a6237-4d89-418c-b394-a04dd1ab112c",
            "widgetIdReceiver": "abd0544f-5541-4047-8b8c-29c5ea83e3f3"
         },
         {
            "type": "resourceId",
            "widgetIdProvider": "0b0a6237-4d89-418c-b394-a04dd1ab112c",
            "widgetIdReceiver": "1f1980de-e89f-4e64-9db3-d4dffe3b5483"
         },
         {
            "type": "resourceId",
            "widgetIdProvider": "0b0a6237-4d89-418c-b394-a04dd1ab112c",
            "widgetIdReceiver": "5747d2bc-670d-40d2-bff5-d5ff1e4bc06e"
         }
      ],
      "widgets": [
         {
            "collapsed": false,
            "config": {
               "additionalColumns": [
                  {
                     "boxLabel": "SQL Version",
                     "metricKey": "general|sql_version",
                     "metricName": "General|SQL Version",
                     "resourceKindId": "resourceKind:id:0_::_"
                  },
                  {
                     "boxLabel": "Windows Version",
                     "metricKey": "general|windows_version",
                     "metricName": "General|Windows Version",
                     "resourceKindId": "resourceKind:id:0_::_"
                  },
                  {
                     "boxLabel": "MAC Address",
                     "metricKey": "mac_addrs|mac_addr",
                     "metricName": "MAC Addresses|MAC Address",
                     "resourceKindId": "resourceKind:id:0_::_"
                  },
                  {
                     "boxLabel": "Virtual Machine",
                     "metricKey": "relationships|VirtualMachine_parent",
                     "metricName": "Relationships|Virtual Machine Parents",
                     "resourceKindId": "resourceKind:id:0_::_"
                  },
                  {
                     "boxLabel": "Creation Date",
                     "metricKey": "history|creation_date",
                     "metricName": "History|Creation Date",
                     "resourceKindId": "resourceKind:id:0_::_"
                  },
                  {
                     "boxLabel": "Health (%)",
                     "metricKey": "badge|health",
                     "metricName": "Badge|Health (%)",
                     "resourceKindId": "resourceKind:id:0_::_"
                  }
               ],
               "mode": {"mode": 0},
               "refreshContent": {"refreshContent": false},
               "refreshInterval": 300,
               "selectFirstRow": {"selectFirstRow": true},
               "tagFilter": {
                  "path": ["/source/kind/kind:resourceKind:id:0_::_"],
                  "value": {
                     "adapterInstance": [],
                     "adapterKind": [],
                     "bus": [],
                     "collector": [],
                     "day": [],
                     "exclaim": false,
                     "healthRange": [],
                     "kind": ["resourceKind:id:0_::_"],
                     "maintenanceSchedule": [],
                     "state": [],
                     "status": [],
                     "tag": [],
                     "tier": []
                  }
               },
               "title": "SQL Instance"
            },
            "gridsterCoords": {
               "h": 6,
               "w": 2,
               "x": 1,
               "y": 1
            },
            "height": 324,
            "id": "0b0a6237-4d89-418c-b394-a04dd1ab112c",
            "states": [
               {
                  "key": "permResGrid_widget_830980a6-7e13-49cd-a4ab-752e05f36d5f_0b0a6237-4d89-418c-b394-a04dd1ab112c",
                  "value": "o%3Acolumns%3Da%253Ao%25253Aid%25253Ds%2525253Ah1%25255Ehidden%25253Db%2525253A1%25255Ewidth%25253Dn%2525253A100%255Eo%25253Aid%25253Ds%2525253Ah2%255Eo%25253Aid%25253Ds%2525253Ah3%25255Ehidden%25253Db%2525253A1%25255Ewidth%25253Dn%2525253A100%255Eo%25253Aid%25253Ds%2525253Ah20%25255Ehidden%25253Db%2525253A0%25255Ewidth%25253Dn%2525253A100%255Eo%25253Aid%25253Ds%2525253Ah4%255Eo%25253Aid%25253Ds%2525253Ah5%255Eo%25253Aid%25253Ds%2525253Ah6%25255Ehidden%25253Db%2525253A0%255Eo%25253Aid%25253Ds%2525253Ah7%25255Ehidden%25253Db%2525253A1%25255Ewidth%25253Dn%2525253A100%255Eo%25253Aid%25253Ds%2525253Ah8%25255Ehidden%25253Db%2525253A1%25255Ewidth%25253Dn%2525253A100%255Eo%25253Aid%25253Ds%2525253Ah9%25255Ehidden%25253Db%2525253A1%25255Ewidth%25253Dn%2525253A100%255Eo%25253Aid%25253Ds%2525253Ah10%25255Ehidden%25253Db%2525253A1%25255Ewidth%25253Dn%2525253A100%255Eo%25253Aid%25253Ds%2525253Ah11%25255Ehidden%25253Db%2525253A1%25255Ewidth%25253Dn%2525253A100%255Eo%25253Aid%25253Ds%2525253Ah12%25255Ehidden%25253Db%2525253A1%25255Ewidth%25253Dn%2525253A100%255Eo%25253Aid%25253Ds%2525253Ah13%25255Ehidden%25253Db%2525253A1%25255Ewidth%25253Dn%2525253A100%255Eo%25253Aid%25253Ds%2525253Ah14%25255Ehidden%25253Db%2525253A0%255Eo%25253Aid%25253Ds%2525253Ah15%25255Ehidden%25253Db%2525253A0%255Eo%25253Aid%25253Ds%2525253Ah16%25255Ehidden%25253Db%2525253A1%25255Ewidth%25253Dn%2525253A100%255Eo%25253Aid%25253Ds%2525253Ah17%25255Ehidden%25253Db%2525253A0%25255Ewidth%25253Dn%2525253A100%255Eo%25253Aid%25253Ds%2525253Ah18%25255Ehidden%25253Db%2525253A0%25255Ewidth%25253Dn%2525253A100%255Eo%25253Aid%25253Ds%2525253Ah19%25255Ehidden%25253Db%2525253A0%25255Ewidth%25253Dn%2525253A100%255Eo%25253Aid%25253Ds%2525253Ah21%25255Ehidden%25253Db%2525253A0%25255Ewidth%25253Dn%2525253A100%255Eo%25253Aid%25253Ds%2525253Ah22%25255Ehidden%25253Db%2525253A0%25255Ewidth%25253Dn%2525253A100%255Eo%25253Aid%25253Ds%2525253Ah23%25255Ehidden%25253Db%2525253A0%25255Ewidth%25253Dn%2525253A100%255Eo%25253Aid%25253Ds%2525253Ah24%25255Ehidden%25253Db%2525253A1%25255Ewidth%25253Dn%2525253A100%255Eo%25253Aid%25253Ds%2525253Ah25%25255Ehidden%25253Db%2525253A1%25255Ewidth%25253Dn%2525253A100%255Eo%25253Aid%25253Ds%2525253Ah26%25255Ehidden%25253Db%2525253A1%25255Ewidth%25253Dn%2525253A100%255Eo%25253Aid%25253Ds%2525253Ah27%25255Ehidden%25253Db%2525253A1%25255Ewidth%25253Dn%2525253A100%255Eo%25253Aid%25253Ds%2525253Ah28%25255Ehidden%25253Db%2525253A1%25255Ewidth%25253Dn%2525253A100%255Eo%25253Aid%25253Ds%2525253Ah29%25255Ehidden%25253Db%2525253A1%25255Ewidth%25253Dn%2525253A100%255Eo%25253Aid%25253Ds%2525253Ah30%25255Ehidden%25253Db%2525253A1%25255Ewidth%25253Dn%2525253A100%255Eo%25253Aid%25253Ds%2525253Ah31%25255Ehidden%25253Db%2525253A1%25255Ewidth%25253Dn%2525253A100%255Eo%25253Aid%25253Ds%2525253Ah32%25255Ehidden%25253Db%2525253A1%25255Ewidth%25253Dn%2525253A100%255Eo%25253Aid%25253Ds%2525253Ah33%25255Ehidden%25253Db%2525253A1%25255Ewidth%25253Dn%2525253A100%255Eo%25253Aid%25253Ds%2525253Ah34%25255Ehidden%25253Db%2525253A1%25255Ewidth%25253Dn%2525253A100%255Eo%25253Aid%25253Ds%2525253Ah35%25255Ehidden%25253Db%2525253A1%25255Ewidth%25253Dn%2525253A100%255Eo%25253Aid%25253Ds%2525253Ah36%25255Ehidden%25253Db%2525253A1%25255Ewidth%25253Dn%2525253A100%255Eo%25253Aid%25253Ds%2525253Ah37%25255Ehidden%25253Db%2525253A1%25255Ewidth%25253Dn%2525253A100%255Eo%25253Aid%25253Ds%2525253Ah38%25255Ehidden%25253Db%2525253A1%25255Ewidth%25253Dn%2525253A100%255Eo%25253Aid%25253Ds%2525253Ah39%25255Ehidden%25253Db%2525253A1%25255Ewidth%25253Dn%2525253A100%255Eo%25253Aid%25253Ds%2525253Ah40%25255Ehidden%25253Db%2525253A1%25255Ewidth%25253Dn%2525253A100%255Eo%25253Aid%25253Ds%2525253Ah41%25255Ehidden%25253Db%2525253A1%25255Ewidth%25253Dn%2525253A100%255Eo%25253Aid%25253Ds%2525253Ah42%25255Ehidden%25253Db%2525253A1%25255Ewidth%25253Dn%2525253A100%255Eo%25253Aid%25253Ds%2525253Ah43%25255Ehidden%25253Db%2525253A1%25255Ewidth%25253Dn%2525253A100%255Eo%25253Aid%25253Ds%2525253Ah44%25255Ehidden%25253Db%2525253A1%25255Ewidth%25253Dn%2525253A100%255Eo%25253Aid%25253Ds%2525253Ah45%25255Ehidden%25253Db%2525253A1%25255Ewidth%25253Dn%2525253A100%255Eo%25253Aid%25253Ds%2525253Ah46%25255Ehidden%25253Db%2525253A1%25255Ewidth%25253Dn%2525253A100"
               },
               {
                  "key": "perm_toolbarVisible_widget_830980a6-7e13-49cd-a4ab-752e05f36d5f_0b0a6237-4d89-418c-b394-a04dd1ab112c",
                  "value": "b%3A1"
               }
            ],
            "title": "SQL Instance",
            "type": "ResourceList"
         },
         {
            "collapsed": false,
            "config": {
               "columnSequence": {"columnSequence": "graphFirst"},
               "metric": {
                  "mode": "resource",
                  "resourceKindMetrics": [],
                  "resourceMetrics": []
               },
               "refreshContent": {"refreshContent": true},
               "refreshInterval": 120,
               "resInteractionMode": "MSSQL-DBA-Server-CPU.xml",
               "selfProvider": {"selfProvider": false},
               "showResourceName": {"showObjectName": false},
               "title": "SQL Server CPU"
            },
            "gridsterCoords": {
               "h": 4,
               "w": 2,
               "x": 1,
               "y": 11
            },
            "height": 210,
            "id": "a09fc2ab-a3ea-4564-9d59-107d49d0c1f6",
            "states": [
               {
                  "key": "perm_toolbarVisible_widget_830980a6-7e13-49cd-a4ab-752e05f36d5f_a09fc2ab-a3ea-4564-9d59-107d49d0c1f6",
                  "value": "b%3A1"
               },
               {
                  "key": "permDateRange_widget_830980a6-7e13-49cd-a4ab-752e05f36d5f_a09fc2ab-a3ea-4564-9d59-107d49d0c1f6",
                  "value": "s%3A%7B%22dateRange%22%3A%22lastHour%22%2C%22dateFrom%22%3Anull%2C%22dateTo%22%3Anull%2C%22timeFrom%22%3Anull%2C%22timeTo%22%3Anull%7D"
               }
            ],
            "title": "SQL Server CPU",
            "type": "SparklineChart"
         },
         {
            "collapsed": false,
            "config": {
               "columnSequence": {"columnSequence": "graphFirst"},
               "metric": {
                  "mode": "resourceKind",
                  "resourceKindMetrics": [],
                  "resourceMetrics": []
               },
               "refreshContent": {"refreshContent": true},
               "refreshInterval": 120,
               "resInteractionMode": "MSSQL-DBA-Server-Memory.xml",
               "selfProvider": {"selfProvider": false},
               "showResourceName": {"showObjectName": false},
               "title": "SQL Server Memory"
            },
            "gridsterCoords": {
               "h": 4,
               "w": 2,
               "x": 3,
               "y": 11
            },
            "height": 210,
            "id": "207a3b86-c6c2-4ab9-83b5-333e6b7011df",
            "states": [
               {
                  "key": "perm_toolbarVisible_widget_830980a6-7e13-49cd-a4ab-752e05f36d5f_207a3b86-c6c2-4ab9-83b5-333e6b7011df",
                  "value": "b%3A1"
               },
               {
                  "key": "permDateRange_widget_830980a6-7e13-49cd-a4ab-752e05f36d5f_207a3b86-c6c2-4ab9-83b5-333e6b7011df",
                  "value": "s%3A%7B%22dateRange%22%3A%22lastHour%22%2C%22dateFrom%22%3Anull%2C%22dateTo%22%3Anull%2C%22timeFrom%22%3Anull%2C%22timeTo%22%3Anull%7D"
               }
            ],
            "title": "SQL Server Memory",
            "type": "SparklineChart"
         },
         {
            "collapsed": false,
            "config": {
               "columnSequence": {"columnSequence": "graphFirst"},
               "metric": {
                  "mode": "resource",
                  "resourceKindMetrics": [],
                  "resourceMetrics": []
               },
               "refreshContent": {"refreshContent": true},
               "refreshInterval": 120,
               "resInteractionMode": "MSSQL-DBA-Server-Cache.xml",
               "selfProvider": {"selfProvider": false},
               "showResourceName": {"showObjectName": false},
               "title": "SQL Server Cache"
            },
            "gridsterCoords": {
               "h": 4,
               "w": 2,
               "x": 3,
               "y": 7
            },
            "height": 210,
            "id": "6bcdb221-f166-487a-8e98-6a7872e3b2c1",
            "states": [{
               "key": "permDateRange_widget_830980a6-7e13-49cd-a4ab-752e05f36d5f_6bcdb221-f166-487a-8e98-6a7872e3b2c1",
               "value": "s%3A%7B%22dateRange%22%3A%22last6Hour%22%2C%22dateFrom%22%3Anull%2C%22dateTo%22%3Anull%2C%22timeFrom%22%3Anull%2C%22timeTo%22%3Anull%7D"
            }],
            "title": "SQL Server Cache",
            "type": "SparklineChart"
         },
         {
            "collapsed": false,
            "config": {
               "columnSequence": {"columnSequence": "graphFirst"},
               "metric": {
                  "mode": "resource",
                  "resourceKindMetrics": [],
                  "resourceMetrics": []
               },
               "refreshContent": {"refreshContent": true},
               "refreshInterval": 120,
               "resInteractionMode": "MSSQL-DBA-Server-Sessions.xml",
               "selfProvider": {"selfProvider": false},
               "showResourceName": {"showObjectName": false},
               "title": "SQL Server Sessions"
            },
            "gridsterCoords": {
               "h": 4,
               "w": 2,
               "x": 1,
               "y": 7
            },
            "height": 210,
            "id": "00ea1567-36c1-4e95-aefd-e4cf2e2524ca",
            "states": [{
               "key": "permDateRange_widget_830980a6-7e13-49cd-a4ab-752e05f36d5f_00ea1567-36c1-4e95-aefd-e4cf2e2524ca",
               "value": "s%3A%7B%22dateRange%22%3A%22last6Hour%22%2C%22dateFrom%22%3Anull%2C%22dateTo%22%3Anull%2C%22timeFrom%22%3Anull%2C%22timeTo%22%3Anull%7D"
            }],
            "title": "SQL Server Sessions",
            "type": "SparklineChart"
         },
         {
            "collapsed": false,
            "config": {
               "columnSequence": {"columnSequence": "graphFirst"},
               "metric": {
                  "mode": "resource",
                  "resourceKindMetrics": [],
                  "resourceMetrics": []
               },
               "refreshContent": {"refreshContent": true},
               "refreshInterval": 120,
               "resInteractionMode": "MSSQL-DBA-Server-Disk.xml",
               "selfProvider": {"selfProvider": false},
               "showResourceName": {"showObjectName": false},
               "title": "SQL Server Disk"
            },
            "gridsterCoords": {
               "h": 4,
               "w": 2,
               "x": 5,
               "y": 7
            },
            "height": 210,
            "id": "e75e518a-b30d-49d4-9610-0a356f9bd440",
            "states": [{
               "key": "permDateRange_widget_830980a6-7e13-49cd-a4ab-752e05f36d5f_e75e518a-b30d-49d4-9610-0a356f9bd440",
               "value": "s%3A%7B%22dateRange%22%3A%22last6Hour%22%2C%22dateFrom%22%3Anull%2C%22dateTo%22%3Anull%2C%22timeFrom%22%3Anull%2C%22timeTo%22%3Anull%7D"
            }],
            "title": "SQL Server Disk",
            "type": "SparklineChart"
         },
         {
            "collapsed": false,
            "config": {
               "columnSequence": {"columnSequence": "graphFirst"},
               "metric": {
                  "mode": "resource",
                  "resourceKindMetrics": [],
                  "resourceMetrics": []
               },
               "refreshContent": {"refreshContent": true},
               "refreshInterval": 120,
               "resInteractionMode": "MSSQL-DBA-VM-Network.xml",
               "selfProvider": {"selfProvider": false},
               "showResourceName": {"showObjectName": false},
               "title": "Virtual Machine Network"
            },
            "gridsterCoords": {
               "h": 3,
               "w": 2,
               "x": 5,
               "y": 4
            },
            "height": 153,
            "id": "7fa2e9f5-0f1a-472b-912e-9a8d3c773779",
            "states": [{
               "key": "permDateRange_widget_830980a6-7e13-49cd-a4ab-752e05f36d5f_7fa2e9f5-0f1a-472b-912e-9a8d3c773779",
               "value": "s%3A%7B%22dateRange%22%3A%22last6Hour%22%2C%22dateFrom%22%3Anull%2C%22dateTo%22%3Anull%2C%22timeFrom%22%3Anull%2C%22timeTo%22%3Anull%7D"
            }],
            "title": "Virtual Machine Network",
            "type": "SparklineChart"
         },
         {
            "collapsed": false,
            "config": {
               "resource": null,
               "selfProvider": {"selfProvider": false},
               "title": "SQL Server Database Transactions",
               "viewDefinitionId": "3864e6d5-f360-40c1-9370-d90bd24d2a07"
            },
            "gridsterCoords": {
               "h": 7,
               "w": 4,
               "x": 1,
               "y": 15
            },
            "height": 381,
            "id": "77030ab9-cb3e-4837-bde3-d3f289cf1e76",
            "states": [{
               "key": "perm_toolbarVisible_widget_830980a6-7e13-49cd-a4ab-752e05f36d5f_77030ab9-cb3e-4837-bde3-d3f289cf1e76",
               "value": "b%3A1"
            }],
            "title": "SQL Server Database Transactions",
            "type": "View"
         },
         {
            "collapsed": false,
            "config": {
               "columnSequence": {"columnSequence": "graphFirst"},
               "metric": {
                  "mode": "resource",
                  "resourceKindMetrics": [],
                  "resourceMetrics": []
               },
               "refreshContent": {"refreshContent": true},
               "refreshInterval": 120,
               "resInteractionMode": "MSSQL-DBA-Server-Waits.xml",
               "selfProvider": {"selfProvider": false},
               "showResourceName": {"showObjectName": false},
               "title": "SQL Server Waits"
            },
            "gridsterCoords": {
               "h": 3,
               "w": 2,
               "x": 5,
               "y": 1
            },
            "height": 153,
            "id": "abc97fd3-176b-46da-b886-0361ee3b2037",
            "states": [
               {
                  "key": "permDateRange_widget_830980a6-7e13-49cd-a4ab-752e05f36d5f_abc97fd3-176b-46da-b886-0361ee3b2037",
                  "value": "s%3A%7B%22dateRange%22%3A%22lastHour%22%2C%22dateFrom%22%3Anull%2C%22dateTo%22%3Anull%2C%22timeFrom%22%3Anull%2C%22timeTo%22%3Anull%7D"
               },
               {
                  "key": "perm_toolbarVisible_widget_830980a6-7e13-49cd-a4ab-752e05f36d5f_abc97fd3-176b-46da-b886-0361ee3b2037",
                  "value": "b%3A1"
               }
            ],
            "title": "SQL Server Waits",
            "type": "SparklineChart"
         },
         {
            "collapsed": false,
            "config": {
               "columnSequence": {"columnSequence": "graphFirst"},
               "metric": {
                  "mode": "resource",
                  "resourceKindMetrics": [],
                  "resourceMetrics": []
               },
               "refreshContent": {"refreshContent": true},
               "refreshInterval": 120,
               "resInteractionMode": "MSSQL-DBA-Server-Queries.xml",
               "selfProvider": {"selfProvider": false},
               "showResourceName": {"showObjectName": false},
               "title": "SQL Server Queries"
            },
            "gridsterCoords": {
               "h": 4,
               "w": 2,
               "x": 5,
               "y": 11
            },
            "height": 210,
            "id": "cf46c84b-9427-42ae-ab7f-bc2ab7d96b48",
            "states": [
               {
                  "key": "perm_toolbarVisible_widget_830980a6-7e13-49cd-a4ab-752e05f36d5f_cf46c84b-9427-42ae-ab7f-bc2ab7d96b48",
                  "value": "b%3A0"
               },
               {
                  "key": "permDateRange_widget_830980a6-7e13-49cd-a4ab-752e05f36d5f_cf46c84b-9427-42ae-ab7f-bc2ab7d96b48",
                  "value": "s%3A%7B%22dateRange%22%3A%22last6Hour%22%2C%22dateFrom%22%3Anull%2C%22dateTo%22%3Anull%2C%22timeFrom%22%3Anull%2C%22timeTo%22%3Anull%7D"
               }
            ],
            "title": "SQL Server Queries",
            "type": "SparklineChart"
         },
         {
            "collapsed": true,
            "config": {
               "additionalColumns": [{
                  "boxLabel": "",
                  "metricKey": "sys|poweredOn",
                  "metricName": "System|Powered ON",
                  "resourceKindId": "resourceKind:id:1_::_"
               }],
               "mode": {"mode": 1},
               "refreshContent": {"refreshContent": false},
               "refreshInterval": 300,
               "selectFirstRow": {"selectFirstRow": true},
               "tagFilter": {
                  "path": ["/source/kind/kind:resourceKind:id:1_::_"],
                  "value": {
                     "adapterInstance": [],
                     "adapterKind": [],
                     "bus": [],
                     "collector": [],
                     "day": [],
                     "exclaim": false,
                     "healthRange": [],
                     "kind": ["resourceKind:id:1_::_"],
                     "maintenanceSchedule": [],
                     "state": [],
                     "status": [],
                     "tag": [],
                     "tier": []
                  }
               },
               "title": "Virtual Machine"
            },
            "gridsterCoords": {
               "h": 1,
               "w": 6,
               "x": 1,
               "y": 22
            },
            "height": 267,
            "id": "abd0544f-5541-4047-8b8c-29c5ea83e3f3",
            "states": [
               {
                  "key": "perm_toolbarVisible_widget_830980a6-7e13-49cd-a4ab-752e05f36d5f_abd0544f-5541-4047-8b8c-29c5ea83e3f3",
                  "value": "b%3A1"
               },
               {
                  "key": "permResGrid_widget_830980a6-7e13-49cd-a4ab-752e05f36d5f_abd0544f-5541-4047-8b8c-29c5ea83e3f3",
                  "value": "o%3Acolumns%3Da%253Ao%25253Aid%25253Ds%2525253Ah1%25255Ehidden%25253Db%2525253A1%25255Ewidth%25253Dn%2525253A100%255Eo%25253Aid%25253Ds%2525253Ah2%255Eo%25253Aid%25253Ds%2525253Ah3%25255Ehidden%25253Db%2525253A1%25255Ewidth%25253Dn%2525253A100%255Eo%25253Aid%25253Ds%2525253Ah4%255Eo%25253Aid%25253Ds%2525253Ah5%255Eo%25253Aid%25253Ds%2525253Ah6%255Eo%25253Aid%25253Ds%2525253Ah7%25255Ehidden%25253Db%2525253A1%25255Ewidth%25253Dn%2525253A100%255Eo%25253Aid%25253Ds%2525253Ah8%25255Ehidden%25253Db%2525253A1%25255Ewidth%25253Dn%2525253A100%255Eo%25253Aid%25253Ds%2525253Ah9%25255Ehidden%25253Db%2525253A1%25255Ewidth%25253Dn%2525253A100%255Eo%25253Aid%25253Ds%2525253Ah10%25255Ehidden%25253Db%2525253A1%25255Ewidth%25253Dn%2525253A100%255Eo%25253Aid%25253Ds%2525253Ah11%25255Ehidden%25253Db%2525253A1%25255Ewidth%25253Dn%2525253A100%255Eo%25253Aid%25253Ds%2525253Ah12%25255Ehidden%25253Db%2525253A1%25255Ewidth%25253Dn%2525253A100%255Eo%25253Aid%25253Ds%2525253Ah13%25255Ehidden%25253Db%2525253A1%25255Ewidth%25253Dn%2525253A100%255Eo%25253Aid%25253Ds%2525253Ah14%255Eo%25253Aid%25253Ds%2525253Ah15%25255Ehidden%25253Db%2525253A0%255Eo%25253Aid%25253Ds%2525253Ah16%25255Ehidden%25253Db%2525253A1%25255Ewidth%25253Dn%2525253A100%255Eo%25253Aid%25253Ds%2525253Ah17%25255Ehidden%25253Db%2525253A0%25255Ewidth%25253Dn%2525253A100%255Eo%25253Aid%25253Ds%2525253Ah18%25255Ehidden%25253Db%2525253A1%25255Ewidth%25253Dn%2525253A100%255Eo%25253Aid%25253Ds%2525253Ah19%25255Ehidden%25253Db%2525253A1%25255Ewidth%25253Dn%2525253A100%255Eo%25253Aid%25253Ds%2525253Ah20%25255Ehidden%25253Db%2525253A1%25255Ewidth%25253Dn%2525253A100%255Eo%25253Aid%25253Ds%2525253Ah21%25255Ehidden%25253Db%2525253A1%25255Ewidth%25253Dn%2525253A100%255Eo%25253Aid%25253Ds%2525253Ah22%25255Ehidden%25253Db%2525253A1%25255Ewidth%25253Dn%2525253A100%255Eo%25253Aid%25253Ds%2525253Ah23%25255Ehidden%25253Db%2525253A1%25255Ewidth%25253Dn%2525253A100%255Eo%25253Aid%25253Ds%2525253Ah24%25255Ehidden%25253Db%2525253A1%25255Ewidth%25253Dn%2525253A100%255Eo%25253Aid%25253Ds%2525253Ah25%25255Ehidden%25253Db%2525253A1%25255Ewidth%25253Dn%2525253A100%255Eo%25253Aid%25253Ds%2525253Ah26%25255Ehidden%25253Db%2525253A1%25255Ewidth%25253Dn%2525253A100%255Eo%25253Aid%25253Ds%2525253Ah27%25255Ehidden%25253Db%2525253A1%25255Ewidth%25253Dn%2525253A100%255Eo%25253Aid%25253Ds%2525253Ah28%25255Ehidden%25253Db%2525253A1%25255Ewidth%25253Dn%2525253A100%255Eo%25253Aid%25253Ds%2525253Ah29%25255Ehidden%25253Db%2525253A1%25255Ewidth%25253Dn%2525253A100%255Eo%25253Aid%25253Ds%2525253Ah30%25255Ehidden%25253Db%2525253A1%25255Ewidth%25253Dn%2525253A100%255Eo%25253Aid%25253Ds%2525253Ah31%25255Ehidden%25253Db%2525253A1%25255Ewidth%25253Dn%2525253A100%255Eo%25253Aid%25253Ds%2525253Ah32%25255Ehidden%25253Db%2525253A1%25255Ewidth%25253Dn%2525253A100%255Eo%25253Aid%25253Ds%2525253Ah33%25255Ehidden%25253Db%2525253A1%25255Ewidth%25253Dn%2525253A100%255Eo%25253Aid%25253Ds%2525253Ah34%25255Ehidden%25253Db%2525253A1%25255Ewidth%25253Dn%2525253A100%255Eo%25253Aid%25253Ds%2525253Ah35%25255Ehidden%25253Db%2525253A1%25255Ewidth%25253Dn%2525253A100%255Eo%25253Aid%25253Ds%2525253Ah36%25255Ehidden%25253Db%2525253A1%25255Ewidth%25253Dn%2525253A100%255Eo%25253Aid%25253Ds%2525253Ah37%25255Ehidden%25253Db%2525253A1%25255Ewidth%25253Dn%2525253A100%255Eo%25253Aid%25253Ds%2525253Ah38%25255Ehidden%25253Db%2525253A1%25255Ewidth%25253Dn%2525253A100%255Eo%25253Aid%25253Ds%2525253Ah39%25255Ehidden%25253Db%2525253A1%25255Ewidth%25253Dn%2525253A100%255Eo%25253Aid%25253Ds%2525253Ah40%25255Ehidden%25253Db%2525253A1%25255Ewidth%25253Dn%2525253A100%255Eo%25253Aid%25253Ds%2525253Ah41%25255Ehidden%25253Db%2525253A1%25255Ewidth%25253Dn%2525253A100%255Eo%25253Aid%25253Ds%2525253Ah42%25255Ehidden%25253Db%2525253A1%25255Ewidth%25253Dn%2525253A100%255Eo%25253Aid%25253Ds%2525253Ah43%25255Ehidden%25253Db%2525253A1%25255Ewidth%25253Dn%2525253A100%255Eo%25253Aid%25253Ds%2525253Ah44%25255Ehidden%25253Db%2525253A1%25255Ewidth%25253Dn%2525253A100%255Eo%25253Aid%25253Ds%2525253Ah45%25255Ehidden%25253Db%2525253A1%25255Ewidth%25253Dn%2525253A100%255Eo%25253Aid%25253Ds%2525253Ah46%25255Ehidden%25253Db%2525253A1%25255Ewidth%25253Dn%2525253A100"
               }
            ],
            "title": "Virtual Machine",
            "type": "ResourceList"
         },
         {
            "collapsed": false,
            "config": {
               "alertImpact": [],
               "criticalityLevel": [],
               "mode": "resource",
               "periodLength": null,
               "refreshContent": {"refreshContent": true},
               "refreshInterval": 300,
               "state": [],
               "status": [0],
               "tagFilter": null,
               "title": "Alert List",
               "type": []
            },
            "gridsterCoords": {
               "h": 6,
               "w": 2,
               "x": 3,
               "y": 1
            },
            "height": 324,
            "id": "1f1980de-e89f-4e64-9db3-d4dffe3b5483",
            "states": [
               {
                  "key": "permDateFilter_permAlertGrid_widget_830980a6-7e13-49cd-a4ab-752e05f36d5f_1f1980de-e89f-4e64-9db3-d4dffe3b5483",
                  "value": "s%3A%7B%22dateRange%22%3A%22last30Days%22%2C%22dateFrom%22%3Anull%2C%22dateTo%22%3Anull%2C%22timeFrom%22%3Anull%2C%22timeTo%22%3Anull%7D"
               },
               {
                  "key": "permAlertGrid_widget_830980a6-7e13-49cd-a4ab-752e05f36d5f_1f1980de-e89f-4e64-9db3-d4dffe3b5483",
                  "value": "o%3Acolumns%3Da%253Ao%25253Aid%25253Ds%2525253Ah1%25255Ehidden%25253Db%2525253A1%25255Ewidth%25253Dn%2525253A100%255Eo%25253Aid%25253Ds%2525253Ah2%25255Ewidth%25253Dn%2525253A100%255Eo%25253Aid%25253Ds%2525253Ah3%25255Ewidth%25253Dn%2525253A100%255Eo%25253Aid%25253Ds%2525253Ah4%25255Ewidth%25253Dn%2525253A107%255Eo%25253Aid%25253Ds%2525253Ah5%25255Ehidden%25253Db%2525253A1%25255Ewidth%25253Dn%2525253A100%255Eo%25253Aid%25253Ds%2525253Ah6%25255Ehidden%25253Db%2525253A1%25255Ewidth%25253Dn%2525253A100%255Eo%25253Aid%25253Ds%2525253Ah7%25255Ewidth%25253Dn%2525253A100%255Eo%25253Aid%25253Ds%2525253Ah8%25255Ewidth%25253Dn%2525253A100%255Eo%25253Aid%25253Ds%2525253Ah9%25255Ehidden%25253Db%2525253A1%25255Ewidth%25253Dn%2525253A100%255Eo%25253Aid%25253Ds%2525253Ah10%25255Ehidden%25253Db%2525253A1%25255Ewidth%25253Dn%2525253A100%255Eo%25253Aid%25253Ds%2525253Ah11%25255Ehidden%25253Db%2525253A1%25255Ewidth%25253Dn%2525253A100%255Eo%25253Aid%25253Ds%2525253Ah12%25255Ehidden%25253Db%2525253A1%25255Ewidth%25253Dn%2525253A100%255Eo%25253Aid%25253Ds%2525253Ah13%25255Ehidden%25253Db%2525253A1%25255Ewidth%25253Dn%2525253A100%255Eo%25253Aid%25253Ds%2525253Ah14%25255Ewidth%25253Dn%2525253A100%255Eo%25253Aid%25253Ds%2525253Ah15%25255Ewidth%25253Dn%2525253A100%255Eo%25253Aid%25253Ds%2525253Ah16%25255Ehidden%25253Db%2525253A1%25255Ewidth%25253Dn%2525253A100%255Eo%25253Aid%25253Ds%2525253Ah17%25255Ehidden%25253Db%2525253A1%25255Ewidth%25253Dn%2525253A100%255Eo%25253Aid%25253Ds%2525253Ah18%25255Ehidden%25253Db%2525253A1%25255Ewidth%25253Dn%2525253A100"
               },
               {
                  "key": "permDateFilter_widget_830980a6-7e13-49cd-a4ab-752e05f36d5f_1f1980de-e89f-4e64-9db3-d4dffe3b5483",
                  "value": "s%3A%7B%22dateRange%22%3A%22last30Days%22%2C%22dateFrom%22%3Anull%2C%22dateTo%22%3Anull%2C%22timeFrom%22%3Anull%2C%22timeTo%22%3Anull%7D"
               },
               {
                  "key": "permListGrid_perm_widget_830980a6-7e13-49cd-a4ab-752e05f36d5f_1f1980de-e89f-4e64-9db3-d4dffe3b5483",
                  "value": "o%3Acolumns%3Da%253Ao%25253Aid%25253Ds%2525253Ah1%25255Ehidden%25253Db%2525253A1%25255Ewidth%25253Dn%2525253A100%255Eo%25253Aid%25253Ds%2525253Ah2%255Eo%25253Aid%25253Ds%2525253Ah3%255Eo%25253Aid%25253Ds%2525253Ah4%255Eo%25253Aid%25253Ds%2525253Ah5%255Eo%25253Aid%25253Ds%2525253Ah6%255Eo%25253Aid%25253Ds%2525253Ah7%25255Ehidden%25253Db%2525253A1%255Eo%25253Aid%25253Ds%2525253Ah8%25255Ehidden%25253Db%2525253A1%255Eo%25253Aid%25253Ds%2525253Ah9%25255Ehidden%25253Db%2525253A1%255Eo%25253Aid%25253Ds%2525253Ah10%25255Ehidden%25253Db%2525253A1%255Eo%25253Aid%25253Ds%2525253Ah11%255Eo%25253Aid%25253Ds%2525253Ah12%5EstoreState%3Do%253Asorters%253Da%25253Ao%2525253Aroot%2525253Ds%252525253Adata%2525255Eproperty%2525253Ds%252525253AstartTimeUtc%2525255Edirection%2525253Ds%252525253ADESC"
               }
            ],
            "title": "Alert List",
            "type": "AlertList"
         },
         {
            "collapsed": false,
            "config": {
               "additionalColumns": [],
               "additionalColumns_resource": [],
               "barsCount": 5,
               "depth": 10,
               "filterMode": "tagFilter",
               "filterOldMetrics": {"filterOldMetrics": false},
               "metricOption": {
                  "metricInfo": {
                     "path": ["/source/GROUP_general/general|wait_time"],
                     "value": "general|wait_time"
                  },
                  "resourceKindId": ["resourceKind:id:2_::_"],
                  "tagFilter": null,
                  "value": {"metricOption": "metricsHighestUtilization"}
               },
               "mode": "metric",
               "refreshContent": {"refreshContent": true},
               "refreshInterval": 300,
               "regenerationTime": 15,
               "roundDecimals": 1,
               "selfProvider": {"selfProvider": false},
               "tagOption": {
                  "tagFilter": null,
                  "value": {"tagOption": "leastHealthyApplications"}
               },
               "title": "SQL Server Top-N Wait Types"
            },
            "gridsterCoords": {
               "h": 7,
               "w": 2,
               "x": 5,
               "y": 15
            },
            "height": 381,
            "id": "5747d2bc-670d-40d2-bff5-d5ff1e4bc06e",
            "title": "SQL Server Top-N Wait Types",
            "type": "ParetoAnalysis"
         }
      ]
   }],
   "entries": {"resourceKind": [
      {
         "adapterKindKey": "SqlServerAdapter",
         "internalId": "resourceKind:id:2_::_",
         "resourceKindKey": "microsoft_sql_server_wait_time"
      },
      {
         "adapterKindKey": "VMWARE",
         "internalId": "resourceKind:id:1_::_",
         "resourceKindKey": "VirtualMachine"
      },
      {
         "adapterKindKey": "SqlServerAdapter",
         "internalId": "resourceKind:id:0_::_",
         "resourceKindKey": "SqlServer"
      }
   ]},
   "uuid": "7e92e157-f991-4c35-a69f-bdd8e293dc6d"
}
