<?xml version="1.0" encoding="UTF-8"?><customProfileContent>
    <CustomProfiles>
        <CustomProfile AdapterKind="VMWARE" Description="VMs (4 vCPU x 8GB RAM x 80GB Disk)" ResourceKind="VirtualMachine" name="Medium VMs (4x8x80)" profileId="513517dc-8a7f-4453-ac2f-165c209ab13e" profileType="CUSTOM">
            <ProfileMetricValue metricKey="cpu-alloc" value="4.0"/>
            <ProfileMetricValue metricKey="mem-alloc" value="8.0"/>
            <ProfileMetricValue metricKey="diskspace-alloc" value="60.0"/>
        </CustomProfile>
        <CustomProfile AdapterKind="VMWARE" Description="VMs (8 vCPU x 32GB RAM x 120GB Disk)" ResourceKind="VirtualMachine" name="Large VMs (8x32x120)" profileId="1bd7ffde-b425-4e08-ab3b-2637006a9ef5" profileType="CUSTOM">
            <ProfileMetricValue metricKey="cpu-alloc" value="8.0"/>
            <ProfileMetricValue metricKey="mem-alloc" value="32.0"/>
            <ProfileMetricValue metricKey="diskspace-alloc" value="120.0"/>
        </CustomProfile>
        <CustomProfile AdapterKind="VMWARE" Description="VMs (16 vCPU x 64GB RAM x 240GB Disk)" ResourceKind="VirtualMachine" name="Extra Large VMs (16x64x240)" profileId="40be5b21-1bfa-414b-8608-f626097eaf2e" profileType="CUSTOM">
            <ProfileMetricValue metricKey="cpu-alloc" value="16.0"/>
            <ProfileMetricValue metricKey="mem-alloc" value="64.0"/>
            <ProfileMetricValue metricKey="diskspace-alloc" value="240.0"/>
        </CustomProfile>
        <CustomProfile AdapterKind="VMWARE" Description="VMs (2 vCPU x 4GB RAM x 60GB Disk)" ResourceKind="VirtualMachine" name="Small VMs (2x4x60)" profileId="5bc21699-2e69-4c63-bc60-61125e887a32" profileType="CUSTOM">
            <ProfileMetricValue metricKey="cpu-alloc" value="2.0"/>
            <ProfileMetricValue metricKey="mem-alloc" value="4194304.0"/>
            <ProfileMetricValue metricKey="diskspace-alloc" value="60.0"/>
        </CustomProfile>
        <CustomProfile AdapterKind="VMWARE" Description="VMs (32vCPU x 128GB RAM x 480GB Disk)" ResourceKind="VirtualMachine" name="Extra Extra Large VMs (32x128x480)" profileId="719f1460-df99-4b38-87ca-6ead7bfde50f" profileType="CUSTOM">
            <ProfileMetricValue metricKey="cpu-alloc" value="32.0"/>
            <ProfileMetricValue metricKey="mem-alloc" value="128.0"/>
            <ProfileMetricValue metricKey="diskspace-alloc" value="240.0"/>
        </CustomProfile>
    </CustomProfiles>
</customProfileContent>
