{
   "68f4ec3c-59a8-4e1b-be59-20b4e6b2b9c5": {
      "resourceKinds": [{
         "resourceKindKey": "ClusterComputeResource",
         "adapterKindKey": "VMWARE"
      }],
      "modificationTime": 1756662222067,
      "name": "Average VM vCPU Allocated",
      "formula": "(${this, metric=cpu|vcpus_allocated_on_all_vms}/${this, metric=summary|total_number_vms})",
      "description": "Average VM vCPU Allocated",
      "unitId": "vcpus",
      "modifiedBy": "a2efceb9-d049-44d9-87c8-21a8a2f6d116"
   },
   "2989f312-0277-4388-ac4b-23a404863be7": {
      "resourceKinds": [{
         "resourceKindKey": "ClusterComputeResource",
         "adapterKindKey": "VMWARE"
      }],
      "modificationTime": 1756724685498,
      "name": "Average VM Disk Provisioned",
      "formula": "(${this, metric=diskspace|total_provisioned}/${this, metric=summary|total_number_vms})",
      "description": "Average VM vCPU Allocated",
      "unitId": "gb",
      "modifiedBy": "a2efceb9-d049-44d9-87c8-21a8a2f6d116"
   },
   "7d6c4265-5406-4b80-8204-28404eae21a3": {
      "resourceKinds": [{
         "resourceKindKey": "ClusterComputeResource",
         "adapterKindKey": "VMWARE"
      }],
      "modificationTime": 1756662231863,
      "name": "Average VM Memory Allocated",
      "formula": "(${this, metric=mem|memory_allocated_on_all_vms}/${this, metric=summary|total_number_vms})/1024/1024",
      "description": "Average VM Memory Allocated",
      "unitId": "gb",
      "modifiedBy": "a2efceb9-d049-44d9-87c8-21a8a2f6d116"
   }
}