{
   "entries": {"resourceKind": [{
      "resourceKindKey": "VirtualMachine",
      "internalId": "resourceKind:id:0_::_",
      "adapterKindKey": "VMWARE"
   }]},
   "dashboards": [{
      "shared": false,
      "temporary": false,
      "hidden": false,
      "creationTime": 1740076726851,
      "autoswitchEnabled": false,
      "importAttempts": 0,
      "columnProportion": "1",
      "importComplete": true,
      "description": "",
      "widgets": [
         {
            "collapsed": false,
            "id": "de74f4c5-ccb6-4df4-af55-2a8109802cf4",
            "gridsterCoords": {
               "w": 6,
               "x": 1,
               "h": 8,
               "y": 1
            },
            "type": "ResourceList",
            "title": "VMs",
            "config": {
               "refreshInterval": 300,
               "resource": [],
               "refreshContent": {"refreshContent": true},
               "relationshipMode": {"relationshipMode": 0},
               "title": "VMs",
               "additionalColumns": [
                  {
                     "boxLabel": "OS",
                     "metricName": "Summary|Guest Operating System|Guest OS from Tools",
                     "metricKey": "summary|guest|fullName",
                     "resourceKindId": "resourceKind:id:0_::_"
                  },
                  {
                     "boxLabel": "IP",
                     "metricName": "Summary|Guest Operating System|Guest OS IP Address",
                     "metricKey": "summary|guest|ipAddress",
                     "resourceKindId": "resourceKind:id:0_::_"
                  },
                  {
                     "boxLabel": "VMware Tools",
                     "metricName": "Summary|Guest Operating System|Tools Version",
                     "metricKey": "summary|guest|toolsVersion",
                     "resourceKindId": "resourceKind:id:0_::_"
                  },
                  {
                     "boxLabel": "Parent ESXi Host",
                     "metricName": "Summary|Parent Host",
                     "metricKey": "summary|parentHost",
                     "resourceKindId": "resourceKind:id:0_::_"
                  }
               ],
               "mode": "all",
               "filterMode": "tagPicker",
               "tagFilter": {
                  "path": ["/source/kind/kind:resourceKind:id:0_::_"],
                  "value": {
                     "bus": [],
                     "adapterKind": [],
                     "kind": ["resourceKind:id:0_::_"],
                     "exclaim": false,
                     "healthRange": [],
                     "maintenanceSchedule": [],
                     "adapterInstance": [],
                     "collector": [],
                     "tier": [],
                     "state": [],
                     "tag": [],
                     "day": [],
                     "status": []
                  }
               },
               "depth": 1,
               "customFilter": {
                  "filter": [],
                  "excludedResources": null,
                  "includedResources": null
               },
               "selectFirstRow": {"selectFirstRow": true},
               "selfProvider": {"selfProvider": true}
            },
            "height": 438,
            "states": [
               {
                  "value": "b%3A1",
                  "key": "perm_toolbarVisible_widget_6e4b54aa-d151-4b74-b1c2-3ccc86cb7ce8_de74f4c5-ccb6-4df4-af55-2a8109802cf4"
               },
               {
                  "value": "o%3Acolumns%3Da%253Ao%25253Aid%25253Ds%2525253Ah1%25255Ehidden%25253Db%2525253A1%25255Ewidth%25253Dn%2525253A100%255Eo%25253Aid%25253Ds%2525253Ah2%25255Ewidth%25253Dn%2525253A279.453125%255Eo%25253Aid%25253Ds%2525253Ah3%25255Ehidden%25253Db%2525253A1%25255Ewidth%25253Dn%2525253A100%255Eo%25253Aid%25253Ds%2525253Ah4%25255Ehidden%25253Db%2525253A1%255Eo%25253Aid%25253Ds%2525253Ah5%25255Ehidden%25253Db%2525253A1%255Eo%25253Aid%25253Ds%2525253Ah6%25255Ehidden%25253Db%2525253A1%255Eo%25253Aid%25253Ds%2525253Ah7%25255Ehidden%25253Db%2525253A1%25255Ewidth%25253Dn%2525253A100%255Eo%25253Aid%25253Ds%2525253Ah8%25255Ehidden%25253Db%2525253A1%25255Ewidth%25253Dn%2525253A100%255Eo%25253Aid%25253Ds%2525253Ah9%25255Ehidden%25253Db%2525253A1%25255Ewidth%25253Dn%2525253A100%255Eo%25253Aid%25253Ds%2525253Ah10%25255Ehidden%25253Db%2525253A1%25255Ewidth%25253Dn%2525253A100%255Eo%25253Aid%25253Ds%2525253Ah11%25255Ehidden%25253Db%2525253A1%25255Ewidth%25253Dn%2525253A100%255Eo%25253Aid%25253Ds%2525253Ah12%25255Ehidden%25253Db%2525253A1%25255Ewidth%25253Dn%2525253A100%255Eo%25253Aid%25253Ds%2525253Ah13%25255Ehidden%25253Db%2525253A1%25255Ewidth%25253Dn%2525253A100%255Eo%25253Aid%25253Ds%2525253Ah14%25255Ehidden%25253Db%2525253A1%255Eo%25253Aid%25253Ds%2525253Ah15%25255Ehidden%25253Db%2525253A1%255Eo%25253Aid%25253Ds%2525253Ah16%25255Ehidden%25253Db%2525253A1%25255Ewidth%25253Dn%2525253A100%255Eo%25253Aid%25253Ds%2525253AresourceRating%25255Ehidden%25253Db%2525253A1%255Eo%25253Aid%25253Ds%2525253Ah18%25255Ehidden%25253Db%2525253A0%25255Ewidth%25253Dn%2525253A140.13671875%255Eo%25253Aid%25253Ds%2525253Ah19%25255Ehidden%25253Db%2525253A0%25255Ewidth%25253Dn%2525253A153.42578125%255Eo%25253Aid%25253Ds%2525253Ah20%25255Ehidden%25253Db%2525253A0%25255Ewidth%25253Dn%2525253A152.04998779296875%255Eo%25253Aid%25253Ds%2525253Ah21%25255Ehidden%25253Db%2525253A0%25255Ewidth%25253Dn%2525253A201.537109375%255Eo%25253Aid%25253Ds%2525253Ah22%25255Ehidden%25253Db%2525253A1%25255Ewidth%25253Dn%2525253A100%255Eo%25253Aid%25253Ds%2525253Ah23%25255Ehidden%25253Db%2525253A1%25255Ewidth%25253Dn%2525253A100%255Eo%25253Aid%25253Ds%2525253Ah24%25255Ehidden%25253Db%2525253A1%25255Ewidth%25253Dn%2525253A100%255Eo%25253Aid%25253Ds%2525253Ah25%25255Ehidden%25253Db%2525253A1%25255Ewidth%25253Dn%2525253A100%255Eo%25253Aid%25253Ds%2525253Ah26%25255Ehidden%25253Db%2525253A1%25255Ewidth%25253Dn%2525253A100%255Eo%25253Aid%25253Ds%2525253Ah27%25255Ehidden%25253Db%2525253A1%25255Ewidth%25253Dn%2525253A100%255Eo%25253Aid%25253Ds%2525253Ah28%25255Ehidden%25253Db%2525253A1%25255Ewidth%25253Dn%2525253A100%255Eo%25253Aid%25253Ds%2525253Ah29%25255Ehidden%25253Db%2525253A1%25255Ewidth%25253Dn%2525253A100%255Eo%25253Aid%25253Ds%2525253Ah30%25255Ehidden%25253Db%2525253A1%25255Ewidth%25253Dn%2525253A100%255Eo%25253Aid%25253Ds%2525253Ah31%25255Ehidden%25253Db%2525253A1%25255Ewidth%25253Dn%2525253A100%255Eo%25253Aid%25253Ds%2525253Ah32%25255Ehidden%25253Db%2525253A1%25255Ewidth%25253Dn%2525253A100%255Eo%25253Aid%25253Ds%2525253Ah33%25255Ehidden%25253Db%2525253A1%25255Ewidth%25253Dn%2525253A100%255Eo%25253Aid%25253Ds%2525253Ah34%25255Ehidden%25253Db%2525253A1%25255Ewidth%25253Dn%2525253A100%255Eo%25253Aid%25253Ds%2525253Ah35%25255Ehidden%25253Db%2525253A1%25255Ewidth%25253Dn%2525253A100%255Eo%25253Aid%25253Ds%2525253Ah36%25255Ehidden%25253Db%2525253A1%25255Ewidth%25253Dn%2525253A100%255Eo%25253Aid%25253Ds%2525253Ah37%25255Ehidden%25253Db%2525253A1%25255Ewidth%25253Dn%2525253A100%255Eo%25253Aid%25253Ds%2525253Ah38%25255Ehidden%25253Db%2525253A1%25255Ewidth%25253Dn%2525253A100%255Eo%25253Aid%25253Ds%2525253Ah39%25255Ehidden%25253Db%2525253A1%25255Ewidth%25253Dn%2525253A100%255Eo%25253Aid%25253Ds%2525253Ah40%25255Ehidden%25253Db%2525253A1%25255Ewidth%25253Dn%2525253A100%255Eo%25253Aid%25253Ds%2525253Ah41%25255Ehidden%25253Db%2525253A1%25255Ewidth%25253Dn%2525253A100%255Eo%25253Aid%25253Ds%2525253Ah42%25255Ehidden%25253Db%2525253A1%25255Ewidth%25253Dn%2525253A100%255Eo%25253Aid%25253Ds%2525253Ah43%25255Ehidden%25253Db%2525253A1%25255Ewidth%25253Dn%2525253A100%255Eo%25253Aid%25253Ds%2525253Ah44%25255Ehidden%25253Db%2525253A1%25255Ewidth%25253Dn%2525253A100%255Eo%25253Aid%25253Ds%2525253Ah45%25255Ehidden%25253Db%2525253A1%25255Ewidth%25253Dn%2525253A100%255Eo%25253Aid%25253Ds%2525253Ah46%25255Ehidden%25253Db%2525253A1%25255Ewidth%25253Dn%2525253A100%255Eo%25253Aid%25253Ds%2525253Ah47%25255Ehidden%25253Db%2525253A1%25255Ewidth%25253Dn%2525253A100%5EstoreState%3Do%253Asorters%253Da%25253Ao%2525253Aroot%2525253Ds%252525253Adata%2525255Eproperty%2525253Ds%252525253AmetricValue_%252525253A%252525253A_summary%252525257Cguest%252525257CfullName%2525255Edirection%2525253Ds%252525253ADESC%2525255Eid%2525253Ds%252525253AmetricValue_%252525253A%252525253A_summary%252525257Cguest%252525257CfullName",
                  "key": "permResGrid_widget_6e4b54aa-d151-4b74-b1c2-3ccc86cb7ce8_de74f4c5-ccb6-4df4-af55-2a8109802cf4"
               }
            ]
         },
         {
            "collapsed": false,
            "id": "34a7da4c-cbc7-45dc-8db5-c4d8c679d11e",
            "gridsterCoords": {
               "w": 3,
               "x": 1,
               "h": 5,
               "y": 18
            },
            "type": "MetricChart",
            "title": "Network Usage Rate (for selected VM)",
            "config": {
               "depth": 1,
               "refreshInterval": 300,
               "metric": {
                  "mode": "resourceKind",
                  "resourceMetrics": [],
                  "resourceKindMetrics": [{
                     "metricUnitId": "kbps",
                     "unit": "KBps",
                     "metricName": "Network|Usage Rate",
                     "metricKey": "net|usage_average",
                     "isStringMetric": false,
                     "resourceKindName": "Virtual Machine",
                     "id": "extModel58280-1",
                     "resourceKindId": "resourceKind:id:0_::_",
                     "colorMethod": 2
                  }],
                  "subMode": "resourceKindAll"
               },
               "resource": [],
               "refreshContent": {"refreshContent": true},
               "relationshipMode": {"relationshipMode": 0},
               "customFilter": {
                  "filter": [],
                  "excludedResources": null,
                  "includedResources": null
               },
               "selfProvider": {"selfProvider": false},
               "title": "Network Usage Rate (for selected VM)",
               "resInteractionMode": null
            },
            "height": 267,
            "states": [
               {
                  "value": "b%3A0",
                  "key": "permBtn_dynamicThresholds_permMetricChart_widget_6e4b54aa-d151-4b74-b1c2-3ccc86cb7ce8_34a7da4c-cbc7-45dc-8db5-c4d8c679d11e"
               },
               {
                  "value": "o%3A",
                  "key": "permMetricChart_widget_6e4b54aa-d151-4b74-b1c2-3ccc86cb7ce8_34a7da4c-cbc7-45dc-8db5-c4d8c679d11e"
               },
               {
                  "value": "s%3A%7B%22dateRange%22%3A%22last24Hour%22%2C%22dateFrom%22%3Anull%2C%22dateTo%22%3Anull%2C%22timeFrom%22%3Anull%2C%22timeTo%22%3Anull%7D",
                  "key": "permDateRange1_permMetricChart_widget_6e4b54aa-d151-4b74-b1c2-3ccc86cb7ce8_34a7da4c-cbc7-45dc-8db5-c4d8c679d11e"
               },
               {
                  "value": "b%3A0",
                  "key": "perm_toolbarVisible_widget_6e4b54aa-d151-4b74-b1c2-3ccc86cb7ce8_34a7da4c-cbc7-45dc-8db5-c4d8c679d11e"
               },
               {
                  "value": "b%3A0",
                  "key": "permBtn_zoomAllGraphs_permMetricChart_widget_6e4b54aa-d151-4b74-b1c2-3ccc86cb7ce8_34a7da4c-cbc7-45dc-8db5-c4d8c679d11e"
               },
               {
                  "value": "b%3A0",
                  "key": "permBtn_pan_permMetricChart_widget_6e4b54aa-d151-4b74-b1c2-3ccc86cb7ce8_34a7da4c-cbc7-45dc-8db5-c4d8c679d11e"
               }
            ]
         },
         {
            "collapsed": false,
            "id": "19bd397c-9451-4afa-b63a-882bcb7f2698",
            "gridsterCoords": {
               "w": 3,
               "x": 7,
               "h": 5,
               "y": 18
            },
            "type": "MetricChart",
            "title": "Network Data Receive Rate (for selected VM)",
            "config": {
               "depth": 1,
               "refreshInterval": 300,
               "metric": {
                  "mode": "resourceKind",
                  "resourceMetrics": [],
                  "resourceKindMetrics": [{
                     "metricUnitId": "kbps",
                     "unit": "KBps",
                     "metricName": "Network|Data Receive Rate",
                     "metricKey": "net|received_average",
                     "isStringMetric": false,
                     "resourceKindName": "Virtual Machine",
                     "id": "extModel10063-1",
                     "resourceKindId": "resourceKind:id:0_::_",
                     "colorMethod": 2
                  }],
                  "subMode": "resourceKindAll"
               },
               "resource": [],
               "refreshContent": {"refreshContent": true},
               "relationshipMode": {"relationshipMode": 0},
               "customFilter": {
                  "filter": [],
                  "excludedResources": null,
                  "includedResources": null
               },
               "selfProvider": {"selfProvider": false},
               "title": "Network Data Receive Rate (for selected VM)",
               "resInteractionMode": null
            },
            "height": 267,
            "states": [
               {
                  "value": "b%3A0",
                  "key": "permBtn_dynamicThresholds_permMetricChart_widget_6e4b54aa-d151-4b74-b1c2-3ccc86cb7ce8_19bd397c-9451-4afa-b63a-882bcb7f2698"
               },
               {
                  "value": "b%3A0",
                  "key": "permBtn_pan_permMetricChart_widget_6e4b54aa-d151-4b74-b1c2-3ccc86cb7ce8_19bd397c-9451-4afa-b63a-882bcb7f2698"
               },
               {
                  "value": "b%3A0",
                  "key": "permBtn_zoomAllGraphs_permMetricChart_widget_6e4b54aa-d151-4b74-b1c2-3ccc86cb7ce8_19bd397c-9451-4afa-b63a-882bcb7f2698"
               },
               {
                  "value": "s%3A%7B%22dateRange%22%3A%22last12Hour%22%2C%22dateFrom%22%3Anull%2C%22dateTo%22%3Anull%2C%22timeFrom%22%3Anull%2C%22timeTo%22%3Anull%7D",
                  "key": "permDateRange1_permMetricChart_widget_6e4b54aa-d151-4b74-b1c2-3ccc86cb7ce8_19bd397c-9451-4afa-b63a-882bcb7f2698"
               },
               {
                  "value": "o%3A",
                  "key": "permMetricChart_widget_6e4b54aa-d151-4b74-b1c2-3ccc86cb7ce8_19bd397c-9451-4afa-b63a-882bcb7f2698"
               },
               {
                  "value": "b%3A0",
                  "key": "perm_toolbarVisible_widget_6e4b54aa-d151-4b74-b1c2-3ccc86cb7ce8_19bd397c-9451-4afa-b63a-882bcb7f2698"
               }
            ]
         },
         {
            "collapsed": false,
            "id": "8e43d4c7-58f9-4eb6-b5b1-a8277079b6fb",
            "gridsterCoords": {
               "w": 3,
               "x": 4,
               "h": 5,
               "y": 18
            },
            "type": "MetricChart",
            "title": "Network Transmitted Packet Drops (for selected VM)",
            "config": {
               "depth": 1,
               "refreshInterval": 300,
               "metric": {
                  "mode": "resourceKind",
                  "resourceMetrics": [],
                  "resourceKindMetrics": [{
                     "metricUnitId": null,
                     "unit": null,
                     "metricName": "Network|Transmitted Packets Dropped",
                     "metricKey": "net|droppedTx_summation",
                     "isStringMetric": false,
                     "resourceKindName": "Virtual Machine",
                     "id": "extModel12226-1",
                     "resourceKindId": "resourceKind:id:0_::_",
                     "colorMethod": 2
                  }],
                  "subMode": "resourceKindAll"
               },
               "resource": [],
               "refreshContent": {"refreshContent": true},
               "relationshipMode": {"relationshipMode": 0},
               "customFilter": {
                  "filter": [],
                  "excludedResources": null,
                  "includedResources": null
               },
               "selfProvider": {"selfProvider": false},
               "title": "Network Transmitted Packet Drops (for selected VM)",
               "resInteractionMode": null
            },
            "height": 267,
            "states": [
               {
                  "value": "b%3A0",
                  "key": "permBtn_dynamicThresholds_permMetricChart_widget_6e4b54aa-d151-4b74-b1c2-3ccc86cb7ce8_8e43d4c7-58f9-4eb6-b5b1-a8277079b6fb"
               },
               {
                  "value": "b%3A0",
                  "key": "perm_toolbarVisible_widget_6e4b54aa-d151-4b74-b1c2-3ccc86cb7ce8_8e43d4c7-58f9-4eb6-b5b1-a8277079b6fb"
               },
               {
                  "value": "b%3A0",
                  "key": "permBtn_pan_permMetricChart_widget_6e4b54aa-d151-4b74-b1c2-3ccc86cb7ce8_8e43d4c7-58f9-4eb6-b5b1-a8277079b6fb"
               },
               {
                  "value": "o%3A",
                  "key": "permMetricChart_widget_6e4b54aa-d151-4b74-b1c2-3ccc86cb7ce8_8e43d4c7-58f9-4eb6-b5b1-a8277079b6fb"
               },
               {
                  "value": "s%3A%7B%22dateRange%22%3A%22last12Hour%22%2C%22dateFrom%22%3Anull%2C%22dateTo%22%3Anull%2C%22timeFrom%22%3Anull%2C%22timeTo%22%3Anull%7D",
                  "key": "permDateRange1_permMetricChart_widget_6e4b54aa-d151-4b74-b1c2-3ccc86cb7ce8_8e43d4c7-58f9-4eb6-b5b1-a8277079b6fb"
               },
               {
                  "value": "b%3A0",
                  "key": "permBtn_zoomAllGraphs_permMetricChart_widget_6e4b54aa-d151-4b74-b1c2-3ccc86cb7ce8_8e43d4c7-58f9-4eb6-b5b1-a8277079b6fb"
               }
            ]
         },
         {
            "collapsed": false,
            "id": "e1f4e93d-e663-4999-a76c-bc782156aed8",
            "gridsterCoords": {
               "w": 3,
               "x": 10,
               "h": 5,
               "y": 18
            },
            "type": "MetricChart",
            "title": "Network Data Transmit Rate (for selected VM)",
            "config": {
               "depth": 1,
               "refreshInterval": 300,
               "metric": {
                  "mode": "resourceKind",
                  "resourceMetrics": [],
                  "resourceKindMetrics": [{
                     "metricUnitId": "kbps",
                     "unit": "KBps",
                     "metricName": "Network|Data Transmit Rate",
                     "metricKey": "net|transmitted_average",
                     "isStringMetric": false,
                     "resourceKindName": "Virtual Machine",
                     "id": "extModel13631-1",
                     "resourceKindId": "resourceKind:id:0_::_",
                     "colorMethod": 2
                  }],
                  "subMode": "resourceKindAll"
               },
               "resource": [],
               "refreshContent": {"refreshContent": true},
               "relationshipMode": {"relationshipMode": 0},
               "customFilter": {
                  "filter": [],
                  "excludedResources": null,
                  "includedResources": null
               },
               "selfProvider": {"selfProvider": false},
               "title": "Network Data Transmit Rate (for selected VM)",
               "resInteractionMode": null
            },
            "height": 267,
            "states": [
               {
                  "value": "b%3A0",
                  "key": "perm_toolbarVisible_widget_6e4b54aa-d151-4b74-b1c2-3ccc86cb7ce8_e1f4e93d-e663-4999-a76c-bc782156aed8"
               },
               {
                  "value": "b%3A0",
                  "key": "permBtn_zoomAllGraphs_permMetricChart_widget_6e4b54aa-d151-4b74-b1c2-3ccc86cb7ce8_e1f4e93d-e663-4999-a76c-bc782156aed8"
               },
               {
                  "value": "b%3A0",
                  "key": "permBtn_pan_permMetricChart_widget_6e4b54aa-d151-4b74-b1c2-3ccc86cb7ce8_e1f4e93d-e663-4999-a76c-bc782156aed8"
               },
               {
                  "value": "s%3A%7B%22dateRange%22%3A%22last12Hour%22%2C%22dateFrom%22%3Anull%2C%22dateTo%22%3Anull%2C%22timeFrom%22%3Anull%2C%22timeTo%22%3Anull%7D",
                  "key": "permDateRange1_permMetricChart_widget_6e4b54aa-d151-4b74-b1c2-3ccc86cb7ce8_e1f4e93d-e663-4999-a76c-bc782156aed8"
               },
               {
                  "value": "o%3A",
                  "key": "permMetricChart_widget_6e4b54aa-d151-4b74-b1c2-3ccc86cb7ce8_e1f4e93d-e663-4999-a76c-bc782156aed8"
               },
               {
                  "value": "b%3A0",
                  "key": "permBtn_dynamicThresholds_permMetricChart_widget_6e4b54aa-d151-4b74-b1c2-3ccc86cb7ce8_e1f4e93d-e663-4999-a76c-bc782156aed8"
               }
            ]
         },
         {
            "collapsed": false,
            "id": "d59a28d1-542b-4791-8630-7bacb2c01e7f",
            "gridsterCoords": {
               "w": 6,
               "x": 1,
               "h": 9,
               "y": 9
            },
            "type": "ResourceRelationshipAdvanced",
            "title": "Advanced Object Relationship (for selected VM)",
            "config": {
               "filterMode": "tagPicker",
               "tagFilter": null,
               "resourceId": null,
               "depth": "1,1",
               "refreshInterval": 300,
               "traversalSpecId": "",
               "refreshContent": {"refreshContent": true},
               "customFilter": {
                  "filter": [],
                  "excludedResources": null,
                  "includedResources": null
               },
               "resourceName": null,
               "selectFirstRow": {"selectFirstRow": true},
               "selfProvider": {"selfProvider": false},
               "title": "Advanced Object Relationship (for selected VM)"
            },
            "height": 495,
            "states": [
               {
                  "value": "s%3ArelationshipTopology",
                  "key": "perm_viewerType_widget_6e4b54aa-d151-4b74-b1c2-3ccc86cb7ce8_d59a28d1-542b-4791-8630-7bacb2c01e7f"
               },
               {
                  "value": "b%3A1",
                  "key": "perm_toolbarVisible_widget_6e4b54aa-d151-4b74-b1c2-3ccc86cb7ce8_d59a28d1-542b-4791-8630-7bacb2c01e7f"
               },
               {
                  "value": "o%3A",
                  "key": "perm_ResourceRelationshipTree_widget_6e4b54aa-d151-4b74-b1c2-3ccc86cb7ce8_d59a28d1-542b-4791-8630-7bacb2c01e7f"
               }
            ]
         },
         {
            "collapsed": false,
            "id": "2ea66ca6-ae9a-401e-bce7-462a1a7c26b3",
            "gridsterCoords": {
               "w": 6,
               "x": 7,
               "h": 3,
               "y": 12
            },
            "type": "Scoreboard",
            "title": "CPU Scoreboard (for selected VM)",
            "config": {
               "maxCellCount": 100,
               "oldMetricValues": false,
               "relationshipMode": {"relationshipMode": 0},
               "valueSize": 24,
               "title": "CPU Scoreboard (for selected VM)",
               "boxHeight": null,
               "showResourceName": {"showResourceName": false},
               "roundDecimals": null,
               "mode": {"layoutMode": "fixedView"},
               "labelSize": 16,
               "customFilter": {
                  "filter": [],
                  "excludedResources": null,
                  "includedResources": null
               },
               "selfProvider": {"selfProvider": false},
               "resInteractionMode": null,
               "visualTheme": 6,
               "showMetricName": {"showMetricName": true},
               "refreshInterval": 300,
               "resource": [],
               "showDT": {"showDT": false},
               "refreshContent": {"refreshContent": true},
               "showMetricUnit": {"showMetricUnit": true},
               "depth": 1,
               "metric": {
                  "mode": "resourceKind",
                  "resourceMetrics": [],
                  "resourceKindMetrics": [
                     {
                        "yellowBound": null,
                        "metricUnitId": -1,
                        "metricName": "CPU|Contention",
                        "metricKey": "cpu|capacity_contentionPct",
                        "link": "",
                        "isStringMetric": false,
                        "resourceKindName": "Virtual Machine",
                        "resourceKindId": "resourceKind:id:0_::_",
                        "orangeBound": null,
                        "unit": "Auto",
                        "id": "extModel55016-1",
                        "redBound": null,
                        "colorMethod": 1
                     },
                     {
                        "yellowBound": null,
                        "metricUnitId": -1,
                        "metricName": "CPU|Other Wait",
                        "metricKey": "cpu|iowaitPct",
                        "link": "",
                        "isStringMetric": false,
                        "resourceKindName": "Virtual Machine",
                        "resourceKindId": "resourceKind:id:0_::_",
                        "orangeBound": null,
                        "unit": "Auto",
                        "id": "extModel55016-2",
                        "redBound": null,
                        "colorMethod": 1
                     },
                     {
                        "yellowBound": 80,
                        "metricUnitId": -1,
                        "metricName": "CPU|Usage",
                        "metricKey": "cpu|usage_average",
                        "link": "",
                        "isStringMetric": false,
                        "resourceKindName": "Virtual Machine",
                        "resourceKindId": "resourceKind:id:0_::_",
                        "label": "",
                        "orangeBound": 90,
                        "unit": "Auto",
                        "id": "extModel55016-3",
                        "redBound": 95,
                        "colorMethod": 0
                     }
                  ],
                  "subMode": "resourceKindAll"
               },
               "showSparkline": {"showSparkline": true},
               "boxColumns": 3,
               "periodLength": "last24Hour"
            },
            "height": 153
         },
         {
            "collapsed": false,
            "id": "596b88c0-57ad-437e-bf8b-a93b7c9fbb3c",
            "gridsterCoords": {
               "w": 6,
               "x": 7,
               "h": 3,
               "y": 9
            },
            "type": "Scoreboard",
            "title": "Memory Scoreboard (for selected VM)",
            "config": {
               "maxCellCount": 100,
               "oldMetricValues": false,
               "relationshipMode": {"relationshipMode": 0},
               "valueSize": 24,
               "title": "Memory Scoreboard (for selected VM)",
               "boxHeight": null,
               "showResourceName": {"showResourceName": false},
               "roundDecimals": null,
               "mode": {"layoutMode": "fixedView"},
               "labelSize": 16,
               "customFilter": {
                  "filter": [],
                  "excludedResources": null,
                  "includedResources": null
               },
               "selfProvider": {"selfProvider": false},
               "resInteractionMode": null,
               "visualTheme": 6,
               "showMetricName": {"showMetricName": true},
               "refreshInterval": 300,
               "resource": [],
               "showDT": {"showDT": false},
               "refreshContent": {"refreshContent": true},
               "showMetricUnit": {"showMetricUnit": true},
               "depth": 1,
               "metric": {
                  "mode": "resourceKind",
                  "resourceMetrics": [],
                  "resourceKindMetrics": [
                     {
                        "yellowBound": null,
                        "metricUnitId": -1,
                        "metricName": "Memory|Balloon",
                        "metricKey": "mem|balloonPct",
                        "link": "",
                        "isStringMetric": false,
                        "resourceKindName": "Virtual Machine",
                        "resourceKindId": "resourceKind:id:0_::_",
                        "orangeBound": null,
                        "unit": "Auto",
                        "id": "extModel57500-1",
                        "redBound": null,
                        "colorMethod": 1
                     },
                     {
                        "yellowBound": null,
                        "metricUnitId": -1,
                        "metricName": "Memory|Contention",
                        "metricKey": "mem|host_contentionPct",
                        "link": "",
                        "isStringMetric": false,
                        "resourceKindName": "Virtual Machine",
                        "resourceKindId": "resourceKind:id:0_::_",
                        "orangeBound": null,
                        "unit": "Auto",
                        "id": "extModel57500-2",
                        "redBound": null,
                        "colorMethod": 1
                     },
                     {
                        "yellowBound": 80,
                        "metricUnitId": -1,
                        "metricName": "Memory|Usage",
                        "metricKey": "mem|usage_average",
                        "link": "",
                        "isStringMetric": false,
                        "resourceKindName": "Virtual Machine",
                        "resourceKindId": "resourceKind:id:0_::_",
                        "label": "",
                        "orangeBound": 90,
                        "unit": "Auto",
                        "id": "extModel57500-3",
                        "redBound": 95,
                        "colorMethod": 0
                     }
                  ],
                  "subMode": "resourceKindAll"
               },
               "showSparkline": {"showSparkline": true},
               "boxColumns": 3,
               "periodLength": "last24Hour"
            },
            "height": 153
         },
         {
            "collapsed": false,
            "id": "5ca8b09f-8c9f-4c6d-842d-013a7aabd7de",
            "gridsterCoords": {
               "w": 6,
               "x": 7,
               "h": 8,
               "y": 1
            },
            "type": "AlertList",
            "title": "Alerts (for selected VM and its children)",
            "config": {
               "alertImpact": [],
               "alertAction": [],
               "refreshInterval": 300,
               "resource": [],
               "refreshContent": {"refreshContent": true},
               "relationshipMode": {"relationshipMode": [
                  -1,
                  0
               ]},
               "criticalityLevel": [],
               "title": "Alerts (for selected VM and its children)",
               "type": [],
               "mode": "all",
               "filterMode": "tagPicker",
               "tagFilter": null,
               "alertDefinitions": [],
               "depth": 1,
               "customFilter": {
                  "filter": [],
                  "excludedResources": null,
                  "includedResources": null
               },
               "selfProvider": {"selfProvider": false},
               "state": [],
               "status": []
            },
            "height": 438,
            "states": [
               {
                  "value": "o%3Acolumns%3Da%253Ao%25253Aid%25253Ds%2525253Ah16%255Eo%25253Aid%25253Ds%2525253Ah1%25255Ehidden%25253Db%2525253A1%25255Ewidth%25253Dn%2525253A100%255Eo%25253Aid%25253Ds%2525253Ah2%255Eo%25253Aid%25253Ds%2525253Ah3%255Eo%25253Aid%25253Ds%2525253Ah4%255Eo%25253Aid%25253Ds%2525253Ah5%255Eo%25253Aid%25253Ds%2525253Ah6%255Eo%25253Aid%25253Ds%2525253Ah7%25255Ehidden%25253Db%2525253A1%255Eo%25253Aid%25253Ds%2525253Ah8%25255Ehidden%25253Db%2525253A1%255Eo%25253Aid%25253Ds%2525253Ah9%25255Ehidden%25253Db%2525253A1%255Eo%25253Aid%25253Ds%2525253Ah10%25255Ehidden%25253Db%2525253A1%255Eo%25253Aid%25253Ds%2525253Ah11%25255Ehidden%25253Db%2525253A1%255Eo%25253Aid%25253Ds%2525253Ah12%25255Ehidden%25253Db%2525253A1%255Eo%25253Aid%25253Ds%2525253Ah13%25255Ehidden%25253Db%2525253A1%255Eo%25253Aid%25253Ds%2525253Ah14%25255Ehidden%25253Db%2525253A1%255Eo%25253Aid%25253Ds%2525253Ah15%25255Ehidden%25253Db%2525253A1%5EstoreState%3Do%253Asorters%253Da%25253Ao%2525253Aroot%2525253Ds%252525253Adata%2525255Eproperty%2525253Ds%252525253AalertLevel%2525255Edirection%2525253Ds%252525253ADESC%2525255Eid%2525253Ds%252525253AalertLevel",
                  "key": "permAlertGrid_perm_widget_6e4b54aa-d151-4b74-b1c2-3ccc86cb7ce8_5ca8b09f-8c9f-4c6d-842d-013a7aabd7de"
               },
               {
                  "value": "s%3A%7B%22dateRange%22%3A%22last30Days%22%2C%22dateFrom%22%3Anull%2C%22dateTo%22%3Anull%2C%22timeFrom%22%3Anull%2C%22timeTo%22%3Anull%7D",
                  "key": "permDateFilter_widget_6e4b54aa-d151-4b74-b1c2-3ccc86cb7ce8_5ca8b09f-8c9f-4c6d-842d-013a7aabd7de"
               },
               {
                  "value": "s%3ADEFINITION",
                  "key": "permViewMode_widget_6e4b54aa-d151-4b74-b1c2-3ccc86cb7ce8_5ca8b09f-8c9f-4c6d-842d-013a7aabd7de"
               }
            ]
         },
         {
            "collapsed": false,
            "id": "9cb20751-41cb-4b72-b554-73b875fc26d8",
            "gridsterCoords": {
               "w": 6,
               "x": 7,
               "h": 3,
               "y": 15
            },
            "type": "Scoreboard",
            "title": "Disk Scoreboard (for selected VM)",
            "config": {
               "maxCellCount": 100,
               "oldMetricValues": false,
               "relationshipMode": {"relationshipMode": 0},
               "valueSize": 24,
               "boxHeight": null,
               "title": "Disk Scoreboard (for selected VM)",
               "showResourceName": {"showResourceName": false},
               "roundDecimals": null,
               "mode": {"layoutMode": "fixedView"},
               "labelSize": 16,
               "customFilter": {
                  "filter": [],
                  "excludedResources": null,
                  "includedResources": null
               },
               "selfProvider": {"selfProvider": false},
               "resInteractionMode": null,
               "visualTheme": 6,
               "showMetricName": {"showMetricName": true},
               "refreshInterval": 300,
               "resource": [],
               "showDT": {"showDT": false},
               "refreshContent": {"refreshContent": true},
               "showMetricUnit": {"showMetricUnit": true},
               "depth": 1,
               "metric": {
                  "mode": "resourceKind",
                  "resourceMetrics": [],
                  "resourceKindMetrics": [
                     {
                        "yellowBound": null,
                        "metricUnitId": -1,
                        "metricName": "Virtual Disk|Read Throughput",
                        "metricKey": "virtualDisk|read_average",
                        "link": "",
                        "isStringMetric": false,
                        "resourceKindName": "Virtual Machine",
                        "resourceKindId": "resourceKind:id:0_::_",
                        "orangeBound": null,
                        "unit": "Auto",
                        "id": "extModel62612-1",
                        "redBound": null,
                        "colorMethod": 1
                     },
                     {
                        "yellowBound": null,
                        "metricUnitId": -1,
                        "metricName": "Virtual Disk|Write Throughput",
                        "metricKey": "virtualDisk|write_average",
                        "link": "",
                        "isStringMetric": false,
                        "resourceKindName": "Virtual Machine",
                        "resourceKindId": "resourceKind:id:0_::_",
                        "orangeBound": null,
                        "unit": "Auto",
                        "id": "extModel62612-2",
                        "redBound": null,
                        "colorMethod": 1
                     },
                     {
                        "yellowBound": null,
                        "metricUnitId": -1,
                        "metricName": "Storage|Read Latency",
                        "metricKey": "storage|totalReadLatency_average",
                        "link": "",
                        "isStringMetric": false,
                        "resourceKindName": "Virtual Machine",
                        "resourceKindId": "resourceKind:id:0_::_",
                        "orangeBound": null,
                        "unit": "Auto",
                        "id": "extModel64969-1",
                        "redBound": null,
                        "colorMethod": 1
                     },
                     {
                        "yellowBound": null,
                        "metricUnitId": -1,
                        "metricName": "Storage|Write Latency",
                        "metricKey": "storage|totalWriteLatency_average",
                        "link": "",
                        "isStringMetric": false,
                        "resourceKindName": "Virtual Machine",
                        "resourceKindId": "resourceKind:id:0_::_",
                        "orangeBound": null,
                        "unit": "Auto",
                        "id": "extModel64969-2",
                        "redBound": null,
                        "colorMethod": 1
                     }
                  ],
                  "subMode": "resourceKindAll"
               },
               "showSparkline": {"showSparkline": true},
               "boxColumns": 4,
               "periodLength": null
            },
            "height": 153
         }
      ],
      "states": [],
      "homeTab": false,
      "rank": 0,
      "disabled": false,
      "id": "6e4b54aa-d151-4b74-b1c2-3ccc86cb7ce8",
      "locked": false,
      "dashboardNavigations": {},
      "widgetInteractions": [
         {
            "widgetIdProvider": "de74f4c5-ccb6-4df4-af55-2a8109802cf4",
            "type": "resourceId",
            "widgetIdReceiver": "34a7da4c-cbc7-45dc-8db5-c4d8c679d11e"
         },
         {
            "widgetIdProvider": "de74f4c5-ccb6-4df4-af55-2a8109802cf4",
            "type": "resourceId",
            "widgetIdReceiver": "19bd397c-9451-4afa-b63a-882bcb7f2698"
         },
         {
            "widgetIdProvider": "de74f4c5-ccb6-4df4-af55-2a8109802cf4",
            "type": "resourceId",
            "widgetIdReceiver": "8e43d4c7-58f9-4eb6-b5b1-a8277079b6fb"
         },
         {
            "widgetIdProvider": "de74f4c5-ccb6-4df4-af55-2a8109802cf4",
            "type": "resourceId",
            "widgetIdReceiver": "e1f4e93d-e663-4999-a76c-bc782156aed8"
         },
         {
            "widgetIdProvider": "de74f4c5-ccb6-4df4-af55-2a8109802cf4",
            "type": "resourceId",
            "widgetIdReceiver": "d59a28d1-542b-4791-8630-7bacb2c01e7f"
         },
         {
            "widgetIdProvider": "de74f4c5-ccb6-4df4-af55-2a8109802cf4",
            "type": "resourceId",
            "widgetIdReceiver": "2ea66ca6-ae9a-401e-bce7-462a1a7c26b3"
         },
         {
            "widgetIdProvider": "de74f4c5-ccb6-4df4-af55-2a8109802cf4",
            "type": "resourceId",
            "widgetIdReceiver": "596b88c0-57ad-437e-bf8b-a93b7c9fbb3c"
         },
         {
            "widgetIdProvider": "de74f4c5-ccb6-4df4-af55-2a8109802cf4",
            "type": "resourceId",
            "widgetIdReceiver": "5ca8b09f-8c9f-4c6d-842d-013a7aabd7de"
         },
         {
            "widgetIdProvider": "de74f4c5-ccb6-4df4-af55-2a8109802cf4",
            "type": "resourceId",
            "widgetIdReceiver": "9cb20751-41cb-4b72-b554-73b875fc26d8"
         }
      ],
      "namePath": "Custom Dashboards",
      "lastUpdateUserId": "98c5b2a0-1517-4104-9895-fd3faf5b77cc",
      "columnCount": 1,
      "userId": "98c5b2a0-1517-4104-9895-fd3faf5b77cc",
      "name": "Custom Dashboards/Troubleshooting VMs v2",
      "gridsterMaxColumns": 12,
      "lastUpdateTime": 1740082801762
   }],
   "uuid": "66a4e2b1-872e-4efc-8866-379e7ba2861c"
}